name,full_path,type,extension,parent_folder
Codes,D:\47\471\New Papers\Paper 3 IJOCTA\Sub\New_3_Experiments\Codes,Folder,,D:\47\471\New Papers\Paper 3 IJOCTA\Sub\New_3_Experiments
Experiment_1B_Jena_Daily_Window_Generation,D:\47\471\New Papers\Paper 3 IJOCTA\Sub\New_3_Experiments\Experiment_1B_Jena_Daily_Window_Generation,Folder,,D:\47\471\New Papers\Paper 3 IJOCTA\Sub\New_3_Experiments
Experiment_1_Jena_Data_Audit,D:\47\471\New Papers\Paper 3 IJOCTA\Sub\New_3_Experiments\Experiment_1_Jena_Data_Audit,Folder,,D:\47\471\New Papers\Paper 3 IJOCTA\Sub\New_3_Experiments
Experiment_2_Jena_Baseline_Forecasting,D:\47\471\New Papers\Paper 3 IJOCTA\Sub\New_3_Experiments\Experiment_2_Jena_Baseline_Forecasting,Folder,,D:\47\471\New Papers\Paper 3 IJOCTA\Sub\New_3_Experiments
Experiment_3B_Jena_HCEF_LSTM_Model,D:\47\471\New Papers\Paper 3 IJOCTA\Sub\New_3_Experiments\Experiment_3B_Jena_HCEF_LSTM_Model,Folder,,D:\47\471\New Papers\Paper 3 IJOCTA\Sub\New_3_Experiments
Experiment_3_Jena_HCEF_Model,D:\47\471\New Papers\Paper 3 IJOCTA\Sub\New_3_Experiments\Experiment_3_Jena_HCEF_Model,Folder,,D:\47\471\New Papers\Paper 3 IJOCTA\Sub\New_3_Experiments
Experiment_4_Jena_HCEF_Ablation_Study,D:\47\471\New Papers\Paper 3 IJOCTA\Sub\New_3_Experiments\Experiment_4_Jena_HCEF_Ablation_Study,Folder,,D:\47\471\New Papers\Paper 3 IJOCTA\Sub\New_3_Experiments
Experiment_5_Jena_Lookback_Window_Sensitivity,D:\47\471\New Papers\Paper 3 IJOCTA\Sub\New_3_Experiments\Experiment_5_Jena_Lookback_Window_Sensitivity,Folder,,D:\47\471\New Papers\Paper 3 IJOCTA\Sub\New_3_Experiments
Experiment_6_Final_Comparative_Summary,D:\47\471\New Papers\Paper 3 IJOCTA\Sub\New_3_Experiments\Experiment_6_Final_Comparative_Summary,Folder,,D:\47\471\New Papers\Paper 3 IJOCTA\Sub\New_3_Experiments
Experiment_7_HCEF_External_Validation_Breast_Cancer,D:\47\471\New Papers\Paper 3 IJOCTA\Sub\New_3_Experiments\Experiment_7_HCEF_External_Validation_Breast_Cancer,Folder,,D:\47\471\New Papers\Paper 3 IJOCTA\Sub\New_3_Experiments
Experiment_8_HCEF_External_Validation_Heart_Disease,D:\47\471\New Papers\Paper 3 IJOCTA\Sub\New_3_Experiments\Experiment_8_HCEF_External_Validation_Heart_Disease,Folder,,D:\47\471\New Papers\Paper 3 IJOCTA\Sub\New_3_Experiments
Folder_Structure_Tree.txt,D:\47\471\New Papers\Paper 3 IJOCTA\Sub\New_3_Experiments\Folder_Structure_Tree.txt,File,.txt,D:\47\471\New Papers\Paper 3 IJOCTA\Sub\New_3_Experiments
Experiment_1B_Jena_Daily_Aggregation_and_Window_Generation.py,D:\47\471\New Papers\Paper 3 IJOCTA\Sub\New_3_Experiments\Codes\Experiment_1B_Jena_Daily_Aggregation_and_Window_Generation.py,File,.py,D:\47\471\New Papers\Paper 3 IJOCTA\Sub\New_3_Experiments\Codes
Experiment_1_Jena_Data_Audit.py,D:\47\471\New Papers\Paper 3 IJOCTA\Sub\New_3_Experiments\Codes\Experiment_1_Jena_Data_Audit.py,File,.py,D:\47\471\New Papers\Paper 3 IJOCTA\Sub\New_3_Experiments\Codes
Experiment_2_Jena_Baseline_Forecasting.py,D:\47\471\New Papers\Paper 3 IJOCTA\Sub\New_3_Experiments\Codes\Experiment_2_Jena_Baseline_Forecasting.py,File,.py,D:\47\471\New Papers\Paper 3 IJOCTA\Sub\New_3_Experiments\Codes
Experiment_3B_Jena_HCEF_LSTM_Model.py,D:\47\471\New Papers\Paper 3 IJOCTA\Sub\New_3_Experiments\Codes\Experiment_3B_Jena_HCEF_LSTM_Model.py,File,.py,D:\47\471\New Papers\Paper 3 IJOCTA\Sub\New_3_Experiments\Codes
Experiment_3_Jena_HCEF_Model.py,D:\47\471\New Papers\Paper 3 IJOCTA\Sub\New_3_Experiments\Codes\Experiment_3_Jena_HCEF_Model.py,File,.py,D:\47\471\New Papers\Paper 3 IJOCTA\Sub\New_3_Experiments\Codes
Experiment_4_Jena_HCEF_Ablation_Study.py,D:\47\471\New Papers\Paper 3 IJOCTA\Sub\New_3_Experiments\Codes\Experiment_4_Jena_HCEF_Ablation_Study.py,File,.py,D:\47\471\New Papers\Paper 3 IJOCTA\Sub\New_3_Experiments\Codes
Experiment_5_Jena_Lookback_Window_Sensitivity.py,D:\47\471\New Papers\Paper 3 IJOCTA\Sub\New_3_Experiments\Codes\Experiment_5_Jena_Lookback_Window_Sensitivity.py,File,.py,D:\47\471\New Papers\Paper 3 IJOCTA\Sub\New_3_Experiments\Codes
Experiment_6_Jena_Final_Comparative_Summary.py,D:\47\471\New Papers\Paper 3 IJOCTA\Sub\New_3_Experiments\Codes\Experiment_6_Jena_Final_Comparative_Summary.py,File,.py,D:\47\471\New Papers\Paper 3 IJOCTA\Sub\New_3_Experiments\Codes
Experiment_7_HCEF_External_Validation_Breast_Cancer.py,D:\47\471\New Papers\Paper 3 IJOCTA\Sub\New_3_Experiments\Codes\Experiment_7_HCEF_External_Validation_Breast_Cancer.py,File,.py,D:\47\471\New Papers\Paper 3 IJOCTA\Sub\New_3_Experiments\Codes
Experiment_8_HCEF_External_Validation_Heart_Disease.py,D:\47\471\New Papers\Paper 3 IJOCTA\Sub\New_3_Experiments\Codes\Experiment_8_HCEF_External_Validation_Heart_Disease.py,File,.py,D:\47\471\New Papers\Paper 3 IJOCTA\Sub\New_3_Experiments\Codes
Folder_S.py,D:\47\471\New Papers\Paper 3 IJOCTA\Sub\New_3_Experiments\Codes\Folder_S.py,File,.py,D:\47\471\New Papers\Paper 3 IJOCTA\Sub\New_3_Experiments\Codes
README.md,D:\47\471\New Papers\Paper 3 IJOCTA\Sub\New_3_Experiments\Codes\README.md,File,.md,D:\47\471\New Papers\Paper 3 IJOCTA\Sub\New_3_Experiments\Codes
Generated_Datasets,D:\47\471\New Papers\Paper 3 IJOCTA\Sub\New_3_Experiments\Experiment_1B_Jena_Daily_Window_Generation\Generated_Datasets,Folder,,D:\47\471\New Papers\Paper 3 IJOCTA\Sub\New_3_Experiments\Experiment_1B_Jena_Daily_Window_Generation
Reports,D:\47\471\New Papers\Paper 3 IJOCTA\Sub\New_3_Experiments\Experiment_1B_Jena_Daily_Window_Generation\Reports,Folder,,D:\47\471\New Papers\Paper 3 IJOCTA\Sub\New_3_Experiments\Experiment_1B_Jena_Daily_Window_Generation
Tables,D:\47\471\New Papers\Paper 3 IJOCTA\Sub\New_3_Experiments\Experiment_1B_Jena_Daily_Window_Generation\Tables,Folder,,D:\47\471\New Papers\Paper 3 IJOCTA\Sub\New_3_Experiments\Experiment_1B_Jena_Daily_Window_Generation
jena_daily_aggregated.csv,D:\47\471\New Papers\Paper 3 IJOCTA\Sub\New_3_Experiments\Experiment_1B_Jena_Daily_Window_Generation\Generated_Datasets\jena_daily_aggregated.csv,File,.csv,D:\47\471\New Papers\Paper 3 IJOCTA\Sub\New_3_Experiments\Experiment_1B_Jena_Daily_Window_Generation\Generated_Datasets
jena_daily_window_14d.csv,D:\47\471\New Papers\Paper 3 IJOCTA\Sub\New_3_Experiments\Experiment_1B_Jena_Daily_Window_Generation\Generated_Datasets\jena_daily_window_14d.csv,File,.csv,D:\47\471\New Papers\Paper 3 IJOCTA\Sub\New_3_Experiments\Experiment_1B_Jena_Daily_Window_Generation\Generated_Datasets
jena_daily_window_30d.csv,D:\47\471\New Papers\Paper 3 IJOCTA\Sub\New_3_Experiments\Experiment_1B_Jena_Daily_Window_Generation\Generated_Datasets\jena_daily_window_30d.csv,File,.csv,D:\47\471\New Papers\Paper 3 IJOCTA\Sub\New_3_Experiments\Experiment_1B_Jena_Daily_Window_Generation\Generated_Datasets
jena_daily_window_3d.csv,D:\47\471\New Papers\Paper 3 IJOCTA\Sub\New_3_Experiments\Experiment_1B_Jena_Daily_Window_Generation\Generated_Datasets\jena_daily_window_3d.csv,File,.csv,D:\47\471\New Papers\Paper 3 IJOCTA\Sub\New_3_Experiments\Experiment_1B_Jena_Daily_Window_Generation\Generated_Datasets
jena_daily_window_7d.csv,D:\47\471\New Papers\Paper 3 IJOCTA\Sub\New_3_Experiments\Experiment_1B_Jena_Daily_Window_Generation\Generated_Datasets\jena_daily_window_7d.csv,File,.csv,D:\47\471\New Papers\Paper 3 IJOCTA\Sub\New_3_Experiments\Experiment_1B_Jena_Daily_Window_Generation\Generated_Datasets
experiment_1b_summary.json,D:\47\471\New Papers\Paper 3 IJOCTA\Sub\New_3_Experiments\Experiment_1B_Jena_Daily_Window_Generation\Reports\experiment_1b_summary.json,File,.json,D:\47\471\New Papers\Paper 3 IJOCTA\Sub\New_3_Experiments\Experiment_1B_Jena_Daily_Window_Generation\Reports
generated_window_datasets_summary.csv,D:\47\471\New Papers\Paper 3 IJOCTA\Sub\New_3_Experiments\Experiment_1B_Jena_Daily_Window_Generation\Tables\generated_window_datasets_summary.csv,File,.csv,D:\47\471\New Papers\Paper 3 IJOCTA\Sub\New_3_Experiments\Experiment_1B_Jena_Daily_Window_Generation\Tables
Figures,D:\47\471\New Papers\Paper 3 IJOCTA\Sub\New_3_Experiments\Experiment_1_Jena_Data_Audit\Figures,Folder,,D:\47\471\New Papers\Paper 3 IJOCTA\Sub\New_3_Experiments\Experiment_1_Jena_Data_Audit
Processed_Data,D:\47\471\New Papers\Paper 3 IJOCTA\Sub\New_3_Experiments\Experiment_1_Jena_Data_Audit\Processed_Data,Folder,,D:\47\471\New Papers\Paper 3 IJOCTA\Sub\New_3_Experiments\Experiment_1_Jena_Data_Audit
Reports,D:\47\471\New Papers\Paper 3 IJOCTA\Sub\New_3_Experiments\Experiment_1_Jena_Data_Audit\Reports,Folder,,D:\47\471\New Papers\Paper 3 IJOCTA\Sub\New_3_Experiments\Experiment_1_Jena_Data_Audit
Tables,D:\47\471\New Papers\Paper 3 IJOCTA\Sub\New_3_Experiments\Experiment_1_Jena_Data_Audit\Tables,Folder,,D:\47\471\New Papers\Paper 3 IJOCTA\Sub\New_3_Experiments\Experiment_1_Jena_Data_Audit
missing_values_top_columns.png,D:\47\471\New Papers\Paper 3 IJOCTA\Sub\New_3_Experiments\Experiment_1_Jena_Data_Audit\Figures\missing_values_top_columns.png,File,.png,D:\47\471\New Papers\Paper 3 IJOCTA\Sub\New_3_Experiments\Experiment_1_Jena_Data_Audit\Figures
monthly_target_mean_trend.png,D:\47\471\New Papers\Paper 3 IJOCTA\Sub\New_3_Experiments\Experiment_1_Jena_Data_Audit\Figures\monthly_target_mean_trend.png,File,.png,D:\47\471\New Papers\Paper 3 IJOCTA\Sub\New_3_Experiments\Experiment_1_Jena_Data_Audit\Figures
numeric_correlation_matrix.png,D:\47\471\New Papers\Paper 3 IJOCTA\Sub\New_3_Experiments\Experiment_1_Jena_Data_Audit\Figures\numeric_correlation_matrix.png,File,.png,D:\47\471\New Papers\Paper 3 IJOCTA\Sub\New_3_Experiments\Experiment_1_Jena_Data_Audit\Figures
pca_temperature_structure.png,D:\47\471\New Papers\Paper 3 IJOCTA\Sub\New_3_Experiments\Experiment_1_Jena_Data_Audit\Figures\pca_temperature_structure.png,File,.png,D:\47\471\New Papers\Paper 3 IJOCTA\Sub\New_3_Experiments\Experiment_1_Jena_Data_Audit\Figures
records_by_year.png,D:\47\471\New Papers\Paper 3 IJOCTA\Sub\New_3_Experiments\Experiment_1_Jena_Data_Audit\Figures\records_by_year.png,File,.png,D:\47\471\New Papers\Paper 3 IJOCTA\Sub\New_3_Experiments\Experiment_1_Jena_Data_Audit\Figures
seasonal_target_mean.png,D:\47\471\New Papers\Paper 3 IJOCTA\Sub\New_3_Experiments\Experiment_1_Jena_Data_Audit\Figures\seasonal_target_mean.png,File,.png,D:\47\471\New Papers\Paper 3 IJOCTA\Sub\New_3_Experiments\Experiment_1_Jena_Data_Audit\Figures
target_autocorrelation_1_to_288_lags.png,D:\47\471\New Papers\Paper 3 IJOCTA\Sub\New_3_Experiments\Experiment_1_Jena_Data_Audit\Figures\target_autocorrelation_1_to_288_lags.png,File,.png,D:\47\471\New Papers\Paper 3 IJOCTA\Sub\New_3_Experiments\Experiment_1_Jena_Data_Audit\Figures
target_autocorrelation_selected_lags.png,D:\47\471\New Papers\Paper 3 IJOCTA\Sub\New_3_Experiments\Experiment_1_Jena_Data_Audit\Figures\target_autocorrelation_selected_lags.png,File,.png,D:\47\471\New Papers\Paper 3 IJOCTA\Sub\New_3_Experiments\Experiment_1_Jena_Data_Audit\Figures
target_temporal_trend.png,D:\47\471\New Papers\Paper 3 IJOCTA\Sub\New_3_Experiments\Experiment_1_Jena_Data_Audit\Figures\target_temporal_trend.png,File,.png,D:\47\471\New Papers\Paper 3 IJOCTA\Sub\New_3_Experiments\Experiment_1_Jena_Data_Audit\Figures
top_feature_target_correlations.png,D:\47\471\New Papers\Paper 3 IJOCTA\Sub\New_3_Experiments\Experiment_1_Jena_Data_Audit\Figures\top_feature_target_correlations.png,File,.png,D:\47\471\New Papers\Paper 3 IJOCTA\Sub\New_3_Experiments\Experiment_1_Jena_Data_Audit\Figures
tsne_temperature_structure.png,D:\47\471\New Papers\Paper 3 IJOCTA\Sub\New_3_Experiments\Experiment_1_Jena_Data_Audit\Figures\tsne_temperature_structure.png,File,.png,D:\47\471\New Papers\Paper 3 IJOCTA\Sub\New_3_Experiments\Experiment_1_Jena_Data_Audit\Figures
jena_climate_processed_audit_ready.csv,D:\47\471\New Papers\Paper 3 IJOCTA\Sub\New_3_Experiments\Experiment_1_Jena_Data_Audit\Processed_Data\jena_climate_processed_audit_ready.csv,File,.csv,D:\47\471\New Papers\Paper 3 IJOCTA\Sub\New_3_Experiments\Experiment_1_Jena_Data_Audit\Processed_Data
experiment_1_basic_summary.json,D:\47\471\New Papers\Paper 3 IJOCTA\Sub\New_3_Experiments\Experiment_1_Jena_Data_Audit\Reports\experiment_1_basic_summary.json,File,.json,D:\47\471\New Papers\Paper 3 IJOCTA\Sub\New_3_Experiments\Experiment_1_Jena_Data_Audit\Reports
experiment_1_final_summary.json,D:\47\471\New Papers\Paper 3 IJOCTA\Sub\New_3_Experiments\Experiment_1_Jena_Data_Audit\Reports\experiment_1_final_summary.json,File,.json,D:\47\471\New Papers\Paper 3 IJOCTA\Sub\New_3_Experiments\Experiment_1_Jena_Data_Audit\Reports
METHODS_TEXT_Experiment_1_Jena_Data_Audit.md,D:\47\471\New Papers\Paper 3 IJOCTA\Sub\New_3_Experiments\Experiment_1_Jena_Data_Audit\Reports\METHODS_TEXT_Experiment_1_Jena_Data_Audit.md,File,.md,D:\47\471\New Papers\Paper 3 IJOCTA\Sub\New_3_Experiments\Experiment_1_Jena_Data_Audit\Reports
README_Experiment_1_Jena_Data_Audit.md,D:\47\471\New Papers\Paper 3 IJOCTA\Sub\New_3_Experiments\Experiment_1_Jena_Data_Audit\Reports\README_Experiment_1_Jena_Data_Audit.md,File,.md,D:\47\471\New Papers\Paper 3 IJOCTA\Sub\New_3_Experiments\Experiment_1_Jena_Data_Audit\Reports
basic_dataset_summary.csv,D:\47\471\New Papers\Paper 3 IJOCTA\Sub\New_3_Experiments\Experiment_1_Jena_Data_Audit\Tables\basic_dataset_summary.csv,File,.csv,D:\47\471\New Papers\Paper 3 IJOCTA\Sub\New_3_Experiments\Experiment_1_Jena_Data_Audit\Tables
column_profile.csv,D:\47\471\New Papers\Paper 3 IJOCTA\Sub\New_3_Experiments\Experiment_1_Jena_Data_Audit\Tables\column_profile.csv,File,.csv,D:\47\471\New Papers\Paper 3 IJOCTA\Sub\New_3_Experiments\Experiment_1_Jena_Data_Audit\Tables
feature_target_correlation.csv,D:\47\471\New Papers\Paper 3 IJOCTA\Sub\New_3_Experiments\Experiment_1_Jena_Data_Audit\Tables\feature_target_correlation.csv,File,.csv,D:\47\471\New Papers\Paper 3 IJOCTA\Sub\New_3_Experiments\Experiment_1_Jena_Data_Audit\Tables
missing_values_by_column.csv,D:\47\471\New Papers\Paper 3 IJOCTA\Sub\New_3_Experiments\Experiment_1_Jena_Data_Audit\Tables\missing_values_by_column.csv,File,.csv,D:\47\471\New Papers\Paper 3 IJOCTA\Sub\New_3_Experiments\Experiment_1_Jena_Data_Audit\Tables
monthly_target_mean.csv,D:\47\471\New Papers\Paper 3 IJOCTA\Sub\New_3_Experiments\Experiment_1_Jena_Data_Audit\Tables\monthly_target_mean.csv,File,.csv,D:\47\471\New Papers\Paper 3 IJOCTA\Sub\New_3_Experiments\Experiment_1_Jena_Data_Audit\Tables
numeric_correlation_matrix.csv,D:\47\471\New Papers\Paper 3 IJOCTA\Sub\New_3_Experiments\Experiment_1_Jena_Data_Audit\Tables\numeric_correlation_matrix.csv,File,.csv,D:\47\471\New Papers\Paper 3 IJOCTA\Sub\New_3_Experiments\Experiment_1_Jena_Data_Audit\Tables
pca_coordinates.csv,D:\47\471\New Papers\Paper 3 IJOCTA\Sub\New_3_Experiments\Experiment_1_Jena_Data_Audit\Tables\pca_coordinates.csv,File,.csv,D:\47\471\New Papers\Paper 3 IJOCTA\Sub\New_3_Experiments\Experiment_1_Jena_Data_Audit\Tables
records_by_year.csv,D:\47\471\New Papers\Paper 3 IJOCTA\Sub\New_3_Experiments\Experiment_1_Jena_Data_Audit\Tables\records_by_year.csv,File,.csv,D:\47\471\New Papers\Paper 3 IJOCTA\Sub\New_3_Experiments\Experiment_1_Jena_Data_Audit\Tables
records_by_year_month.csv,D:\47\471\New Papers\Paper 3 IJOCTA\Sub\New_3_Experiments\Experiment_1_Jena_Data_Audit\Tables\records_by_year_month.csv,File,.csv,D:\47\471\New Papers\Paper 3 IJOCTA\Sub\New_3_Experiments\Experiment_1_Jena_Data_Audit\Tables
seasonal_numeric_summary.csv,D:\47\471\New Papers\Paper 3 IJOCTA\Sub\New_3_Experiments\Experiment_1_Jena_Data_Audit\Tables\seasonal_numeric_summary.csv,File,.csv,D:\47\471\New Papers\Paper 3 IJOCTA\Sub\New_3_Experiments\Experiment_1_Jena_Data_Audit\Tables
seasonal_target_summary.csv,D:\47\471\New Papers\Paper 3 IJOCTA\Sub\New_3_Experiments\Experiment_1_Jena_Data_Audit\Tables\seasonal_target_summary.csv,File,.csv,D:\47\471\New Papers\Paper 3 IJOCTA\Sub\New_3_Experiments\Experiment_1_Jena_Data_Audit\Tables
target_autocorrelation_1_to_288_lags.csv,D:\47\471\New Papers\Paper 3 IJOCTA\Sub\New_3_Experiments\Experiment_1_Jena_Data_Audit\Tables\target_autocorrelation_1_to_288_lags.csv,File,.csv,D:\47\471\New Papers\Paper 3 IJOCTA\Sub\New_3_Experiments\Experiment_1_Jena_Data_Audit\Tables
target_autocorrelation_selected_lags.csv,D:\47\471\New Papers\Paper 3 IJOCTA\Sub\New_3_Experiments\Experiment_1_Jena_Data_Audit\Tables\target_autocorrelation_selected_lags.csv,File,.csv,D:\47\471\New Papers\Paper 3 IJOCTA\Sub\New_3_Experiments\Experiment_1_Jena_Data_Audit\Tables
target_lag_correlation.csv,D:\47\471\New Papers\Paper 3 IJOCTA\Sub\New_3_Experiments\Experiment_1_Jena_Data_Audit\Tables\target_lag_correlation.csv,File,.csv,D:\47\471\New Papers\Paper 3 IJOCTA\Sub\New_3_Experiments\Experiment_1_Jena_Data_Audit\Tables
tsne_coordinates_sample.csv,D:\47\471\New Papers\Paper 3 IJOCTA\Sub\New_3_Experiments\Experiment_1_Jena_Data_Audit\Tables\tsne_coordinates_sample.csv,File,.csv,D:\47\471\New Papers\Paper 3 IJOCTA\Sub\New_3_Experiments\Experiment_1_Jena_Data_Audit\Tables
Figures,D:\47\471\New Papers\Paper 3 IJOCTA\Sub\New_3_Experiments\Experiment_2_Jena_Baseline_Forecasting\Figures,Folder,,D:\47\471\New Papers\Paper 3 IJOCTA\Sub\New_3_Experiments\Experiment_2_Jena_Baseline_Forecasting
Model_Outputs,D:\47\471\New Papers\Paper 3 IJOCTA\Sub\New_3_Experiments\Experiment_2_Jena_Baseline_Forecasting\Model_Outputs,Folder,,D:\47\471\New Papers\Paper 3 IJOCTA\Sub\New_3_Experiments\Experiment_2_Jena_Baseline_Forecasting
Predictions,D:\47\471\New Papers\Paper 3 IJOCTA\Sub\New_3_Experiments\Experiment_2_Jena_Baseline_Forecasting\Predictions,Folder,,D:\47\471\New Papers\Paper 3 IJOCTA\Sub\New_3_Experiments\Experiment_2_Jena_Baseline_Forecasting
Reports,D:\47\471\New Papers\Paper 3 IJOCTA\Sub\New_3_Experiments\Experiment_2_Jena_Baseline_Forecasting\Reports,Folder,,D:\47\471\New Papers\Paper 3 IJOCTA\Sub\New_3_Experiments\Experiment_2_Jena_Baseline_Forecasting
Tables,D:\47\471\New Papers\Paper 3 IJOCTA\Sub\New_3_Experiments\Experiment_2_Jena_Baseline_Forecasting\Tables,Folder,,D:\47\471\New Papers\Paper 3 IJOCTA\Sub\New_3_Experiments\Experiment_2_Jena_Baseline_Forecasting
baseline_models_test_mae.png,D:\47\471\New Papers\Paper 3 IJOCTA\Sub\New_3_Experiments\Experiment_2_Jena_Baseline_Forecasting\Figures\baseline_models_test_mae.png,File,.png,D:\47\471\New Papers\Paper 3 IJOCTA\Sub\New_3_Experiments\Experiment_2_Jena_Baseline_Forecasting\Figures
baseline_models_test_r2.png,D:\47\471\New Papers\Paper 3 IJOCTA\Sub\New_3_Experiments\Experiment_2_Jena_Baseline_Forecasting\Figures\baseline_models_test_r2.png,File,.png,D:\47\471\New Papers\Paper 3 IJOCTA\Sub\New_3_Experiments\Experiment_2_Jena_Baseline_Forecasting\Figures
baseline_models_test_rmse.png,D:\47\471\New Papers\Paper 3 IJOCTA\Sub\New_3_Experiments\Experiment_2_Jena_Baseline_Forecasting\Figures\baseline_models_test_rmse.png,File,.png,D:\47\471\New Papers\Paper 3 IJOCTA\Sub\New_3_Experiments\Experiment_2_Jena_Baseline_Forecasting\Figures
best_baseline_observed_vs_predicted.png,D:\47\471\New Papers\Paper 3 IJOCTA\Sub\New_3_Experiments\Experiment_2_Jena_Baseline_Forecasting\Figures\best_baseline_observed_vs_predicted.png,File,.png,D:\47\471\New Papers\Paper 3 IJOCTA\Sub\New_3_Experiments\Experiment_2_Jena_Baseline_Forecasting\Figures
predictions_ElasticNet.png,D:\47\471\New Papers\Paper 3 IJOCTA\Sub\New_3_Experiments\Experiment_2_Jena_Baseline_Forecasting\Figures\predictions_ElasticNet.png,File,.png,D:\47\471\New Papers\Paper 3 IJOCTA\Sub\New_3_Experiments\Experiment_2_Jena_Baseline_Forecasting\Figures
predictions_Extra_Trees.png,D:\47\471\New Papers\Paper 3 IJOCTA\Sub\New_3_Experiments\Experiment_2_Jena_Baseline_Forecasting\Figures\predictions_Extra_Trees.png,File,.png,D:\47\471\New Papers\Paper 3 IJOCTA\Sub\New_3_Experiments\Experiment_2_Jena_Baseline_Forecasting\Figures
predictions_Gradient_Boosting.png,D:\47\471\New Papers\Paper 3 IJOCTA\Sub\New_3_Experiments\Experiment_2_Jena_Baseline_Forecasting\Figures\predictions_Gradient_Boosting.png,File,.png,D:\47\471\New Papers\Paper 3 IJOCTA\Sub\New_3_Experiments\Experiment_2_Jena_Baseline_Forecasting\Figures
predictions_Linear_Regression.png,D:\47\471\New Papers\Paper 3 IJOCTA\Sub\New_3_Experiments\Experiment_2_Jena_Baseline_Forecasting\Figures\predictions_Linear_Regression.png,File,.png,D:\47\471\New Papers\Paper 3 IJOCTA\Sub\New_3_Experiments\Experiment_2_Jena_Baseline_Forecasting\Figures
predictions_MLP_Regressor.png,D:\47\471\New Papers\Paper 3 IJOCTA\Sub\New_3_Experiments\Experiment_2_Jena_Baseline_Forecasting\Figures\predictions_MLP_Regressor.png,File,.png,D:\47\471\New Papers\Paper 3 IJOCTA\Sub\New_3_Experiments\Experiment_2_Jena_Baseline_Forecasting\Figures
predictions_Persistence_Previous_Day_Temperature.png,D:\47\471\New Papers\Paper 3 IJOCTA\Sub\New_3_Experiments\Experiment_2_Jena_Baseline_Forecasting\Figures\predictions_Persistence_Previous_Day_Temperature.png,File,.png,D:\47\471\New Papers\Paper 3 IJOCTA\Sub\New_3_Experiments\Experiment_2_Jena_Baseline_Forecasting\Figures
predictions_Random_Forest.png,D:\47\471\New Papers\Paper 3 IJOCTA\Sub\New_3_Experiments\Experiment_2_Jena_Baseline_Forecasting\Figures\predictions_Random_Forest.png,File,.png,D:\47\471\New Papers\Paper 3 IJOCTA\Sub\New_3_Experiments\Experiment_2_Jena_Baseline_Forecasting\Figures
predictions_Ridge.png,D:\47\471\New Papers\Paper 3 IJOCTA\Sub\New_3_Experiments\Experiment_2_Jena_Baseline_Forecasting\Figures\predictions_Ridge.png,File,.png,D:\47\471\New Papers\Paper 3 IJOCTA\Sub\New_3_Experiments\Experiment_2_Jena_Baseline_Forecasting\Figures
residuals_ElasticNet.png,D:\47\471\New Papers\Paper 3 IJOCTA\Sub\New_3_Experiments\Experiment_2_Jena_Baseline_Forecasting\Figures\residuals_ElasticNet.png,File,.png,D:\47\471\New Papers\Paper 3 IJOCTA\Sub\New_3_Experiments\Experiment_2_Jena_Baseline_Forecasting\Figures
residuals_Extra_Trees.png,D:\47\471\New Papers\Paper 3 IJOCTA\Sub\New_3_Experiments\Experiment_2_Jena_Baseline_Forecasting\Figures\residuals_Extra_Trees.png,File,.png,D:\47\471\New Papers\Paper 3 IJOCTA\Sub\New_3_Experiments\Experiment_2_Jena_Baseline_Forecasting\Figures
residuals_Gradient_Boosting.png,D:\47\471\New Papers\Paper 3 IJOCTA\Sub\New_3_Experiments\Experiment_2_Jena_Baseline_Forecasting\Figures\residuals_Gradient_Boosting.png,File,.png,D:\47\471\New Papers\Paper 3 IJOCTA\Sub\New_3_Experiments\Experiment_2_Jena_Baseline_Forecasting\Figures
residuals_Linear_Regression.png,D:\47\471\New Papers\Paper 3 IJOCTA\Sub\New_3_Experiments\Experiment_2_Jena_Baseline_Forecasting\Figures\residuals_Linear_Regression.png,File,.png,D:\47\471\New Papers\Paper 3 IJOCTA\Sub\New_3_Experiments\Experiment_2_Jena_Baseline_Forecasting\Figures
residuals_MLP_Regressor.png,D:\47\471\New Papers\Paper 3 IJOCTA\Sub\New_3_Experiments\Experiment_2_Jena_Baseline_Forecasting\Figures\residuals_MLP_Regressor.png,File,.png,D:\47\471\New Papers\Paper 3 IJOCTA\Sub\New_3_Experiments\Experiment_2_Jena_Baseline_Forecasting\Figures
residuals_Persistence_Previous_Day_Temperature.png,D:\47\471\New Papers\Paper 3 IJOCTA\Sub\New_3_Experiments\Experiment_2_Jena_Baseline_Forecasting\Figures\residuals_Persistence_Previous_Day_Temperature.png,File,.png,D:\47\471\New Papers\Paper 3 IJOCTA\Sub\New_3_Experiments\Experiment_2_Jena_Baseline_Forecasting\Figures
residuals_Random_Forest.png,D:\47\471\New Papers\Paper 3 IJOCTA\Sub\New_3_Experiments\Experiment_2_Jena_Baseline_Forecasting\Figures\residuals_Random_Forest.png,File,.png,D:\47\471\New Papers\Paper 3 IJOCTA\Sub\New_3_Experiments\Experiment_2_Jena_Baseline_Forecasting\Figures
residuals_Ridge.png,D:\47\471\New Papers\Paper 3 IJOCTA\Sub\New_3_Experiments\Experiment_2_Jena_Baseline_Forecasting\Figures\residuals_Ridge.png,File,.png,D:\47\471\New Papers\Paper 3 IJOCTA\Sub\New_3_Experiments\Experiment_2_Jena_Baseline_Forecasting\Figures
scatter_ElasticNet.png,D:\47\471\New Papers\Paper 3 IJOCTA\Sub\New_3_Experiments\Experiment_2_Jena_Baseline_Forecasting\Figures\scatter_ElasticNet.png,File,.png,D:\47\471\New Papers\Paper 3 IJOCTA\Sub\New_3_Experiments\Experiment_2_Jena_Baseline_Forecasting\Figures
scatter_Extra_Trees.png,D:\47\471\New Papers\Paper 3 IJOCTA\Sub\New_3_Experiments\Experiment_2_Jena_Baseline_Forecasting\Figures\scatter_Extra_Trees.png,File,.png,D:\47\471\New Papers\Paper 3 IJOCTA\Sub\New_3_Experiments\Experiment_2_Jena_Baseline_Forecasting\Figures
scatter_Gradient_Boosting.png,D:\47\471\New Papers\Paper 3 IJOCTA\Sub\New_3_Experiments\Experiment_2_Jena_Baseline_Forecasting\Figures\scatter_Gradient_Boosting.png,File,.png,D:\47\471\New Papers\Paper 3 IJOCTA\Sub\New_3_Experiments\Experiment_2_Jena_Baseline_Forecasting\Figures
scatter_Linear_Regression.png,D:\47\471\New Papers\Paper 3 IJOCTA\Sub\New_3_Experiments\Experiment_2_Jena_Baseline_Forecasting\Figures\scatter_Linear_Regression.png,File,.png,D:\47\471\New Papers\Paper 3 IJOCTA\Sub\New_3_Experiments\Experiment_2_Jena_Baseline_Forecasting\Figures
scatter_MLP_Regressor.png,D:\47\471\New Papers\Paper 3 IJOCTA\Sub\New_3_Experiments\Experiment_2_Jena_Baseline_Forecasting\Figures\scatter_MLP_Regressor.png,File,.png,D:\47\471\New Papers\Paper 3 IJOCTA\Sub\New_3_Experiments\Experiment_2_Jena_Baseline_Forecasting\Figures
scatter_Persistence_Previous_Day_Temperature.png,D:\47\471\New Papers\Paper 3 IJOCTA\Sub\New_3_Experiments\Experiment_2_Jena_Baseline_Forecasting\Figures\scatter_Persistence_Previous_Day_Temperature.png,File,.png,D:\47\471\New Papers\Paper 3 IJOCTA\Sub\New_3_Experiments\Experiment_2_Jena_Baseline_Forecasting\Figures
scatter_Random_Forest.png,D:\47\471\New Papers\Paper 3 IJOCTA\Sub\New_3_Experiments\Experiment_2_Jena_Baseline_Forecasting\Figures\scatter_Random_Forest.png,File,.png,D:\47\471\New Papers\Paper 3 IJOCTA\Sub\New_3_Experiments\Experiment_2_Jena_Baseline_Forecasting\Figures
scatter_Ridge.png,D:\47\471\New Papers\Paper 3 IJOCTA\Sub\New_3_Experiments\Experiment_2_Jena_Baseline_Forecasting\Figures\scatter_Ridge.png,File,.png,D:\47\471\New Papers\Paper 3 IJOCTA\Sub\New_3_Experiments\Experiment_2_Jena_Baseline_Forecasting\Figures
all_model_test_predictions.csv,D:\47\471\New Papers\Paper 3 IJOCTA\Sub\New_3_Experiments\Experiment_2_Jena_Baseline_Forecasting\Predictions\all_model_test_predictions.csv,File,.csv,D:\47\471\New Papers\Paper 3 IJOCTA\Sub\New_3_Experiments\Experiment_2_Jena_Baseline_Forecasting\Predictions
predictions_ElasticNet.csv,D:\47\471\New Papers\Paper 3 IJOCTA\Sub\New_3_Experiments\Experiment_2_Jena_Baseline_Forecasting\Predictions\predictions_ElasticNet.csv,File,.csv,D:\47\471\New Papers\Paper 3 IJOCTA\Sub\New_3_Experiments\Experiment_2_Jena_Baseline_Forecasting\Predictions
predictions_Extra_Trees.csv,D:\47\471\New Papers\Paper 3 IJOCTA\Sub\New_3_Experiments\Experiment_2_Jena_Baseline_Forecasting\Predictions\predictions_Extra_Trees.csv,File,.csv,D:\47\471\New Papers\Paper 3 IJOCTA\Sub\New_3_Experiments\Experiment_2_Jena_Baseline_Forecasting\Predictions
predictions_Gradient_Boosting.csv,D:\47\471\New Papers\Paper 3 IJOCTA\Sub\New_3_Experiments\Experiment_2_Jena_Baseline_Forecasting\Predictions\predictions_Gradient_Boosting.csv,File,.csv,D:\47\471\New Papers\Paper 3 IJOCTA\Sub\New_3_Experiments\Experiment_2_Jena_Baseline_Forecasting\Predictions
predictions_Linear_Regression.csv,D:\47\471\New Papers\Paper 3 IJOCTA\Sub\New_3_Experiments\Experiment_2_Jena_Baseline_Forecasting\Predictions\predictions_Linear_Regression.csv,File,.csv,D:\47\471\New Papers\Paper 3 IJOCTA\Sub\New_3_Experiments\Experiment_2_Jena_Baseline_Forecasting\Predictions
predictions_MLP_Regressor.csv,D:\47\471\New Papers\Paper 3 IJOCTA\Sub\New_3_Experiments\Experiment_2_Jena_Baseline_Forecasting\Predictions\predictions_MLP_Regressor.csv,File,.csv,D:\47\471\New Papers\Paper 3 IJOCTA\Sub\New_3_Experiments\Experiment_2_Jena_Baseline_Forecasting\Predictions
predictions_Persistence_Previous_Day_Temperature.csv,D:\47\471\New Papers\Paper 3 IJOCTA\Sub\New_3_Experiments\Experiment_2_Jena_Baseline_Forecasting\Predictions\predictions_Persistence_Previous_Day_Temperature.csv,File,.csv,D:\47\471\New Papers\Paper 3 IJOCTA\Sub\New_3_Experiments\Experiment_2_Jena_Baseline_Forecasting\Predictions
predictions_Random_Forest.csv,D:\47\471\New Papers\Paper 3 IJOCTA\Sub\New_3_Experiments\Experiment_2_Jena_Baseline_Forecasting\Predictions\predictions_Random_Forest.csv,File,.csv,D:\47\471\New Papers\Paper 3 IJOCTA\Sub\New_3_Experiments\Experiment_2_Jena_Baseline_Forecasting\Predictions
predictions_Ridge.csv,D:\47\471\New Papers\Paper 3 IJOCTA\Sub\New_3_Experiments\Experiment_2_Jena_Baseline_Forecasting\Predictions\predictions_Ridge.csv,File,.csv,D:\47\471\New Papers\Paper 3 IJOCTA\Sub\New_3_Experiments\Experiment_2_Jena_Baseline_Forecasting\Predictions
best_baseline_model.json,D:\47\471\New Papers\Paper 3 IJOCTA\Sub\New_3_Experiments\Experiment_2_Jena_Baseline_Forecasting\Reports\best_baseline_model.json,File,.json,D:\47\471\New Papers\Paper 3 IJOCTA\Sub\New_3_Experiments\Experiment_2_Jena_Baseline_Forecasting\Reports
experiment_2_summary.json,D:\47\471\New Papers\Paper 3 IJOCTA\Sub\New_3_Experiments\Experiment_2_Jena_Baseline_Forecasting\Reports\experiment_2_summary.json,File,.json,D:\47\471\New Papers\Paper 3 IJOCTA\Sub\New_3_Experiments\Experiment_2_Jena_Baseline_Forecasting\Reports
METHODS_TEXT_Experiment_2_Jena_Baseline_Forecasting.md,D:\47\471\New Papers\Paper 3 IJOCTA\Sub\New_3_Experiments\Experiment_2_Jena_Baseline_Forecasting\Reports\METHODS_TEXT_Experiment_2_Jena_Baseline_Forecasting.md,File,.md,D:\47\471\New Papers\Paper 3 IJOCTA\Sub\New_3_Experiments\Experiment_2_Jena_Baseline_Forecasting\Reports
README_Experiment_2_Jena_Baseline_Forecasting.md,D:\47\471\New Papers\Paper 3 IJOCTA\Sub\New_3_Experiments\Experiment_2_Jena_Baseline_Forecasting\Reports\README_Experiment_2_Jena_Baseline_Forecasting.md,File,.md,D:\47\471\New Papers\Paper 3 IJOCTA\Sub\New_3_Experiments\Experiment_2_Jena_Baseline_Forecasting\Reports
baseline_forecasting_metrics.csv,D:\47\471\New Papers\Paper 3 IJOCTA\Sub\New_3_Experiments\Experiment_2_Jena_Baseline_Forecasting\Tables\baseline_forecasting_metrics.csv,File,.csv,D:\47\471\New Papers\Paper 3 IJOCTA\Sub\New_3_Experiments\Experiment_2_Jena_Baseline_Forecasting\Tables
chronological_split_summary.csv,D:\47\471\New Papers\Paper 3 IJOCTA\Sub\New_3_Experiments\Experiment_2_Jena_Baseline_Forecasting\Tables\chronological_split_summary.csv,File,.csv,D:\47\471\New Papers\Paper 3 IJOCTA\Sub\New_3_Experiments\Experiment_2_Jena_Baseline_Forecasting\Tables
Figures,D:\47\471\New Papers\Paper 3 IJOCTA\Sub\New_3_Experiments\Experiment_3B_Jena_HCEF_LSTM_Model\Figures,Folder,,D:\47\471\New Papers\Paper 3 IJOCTA\Sub\New_3_Experiments\Experiment_3B_Jena_HCEF_LSTM_Model
Models,D:\47\471\New Papers\Paper 3 IJOCTA\Sub\New_3_Experiments\Experiment_3B_Jena_HCEF_LSTM_Model\Models,Folder,,D:\47\471\New Papers\Paper 3 IJOCTA\Sub\New_3_Experiments\Experiment_3B_Jena_HCEF_LSTM_Model
Predictions,D:\47\471\New Papers\Paper 3 IJOCTA\Sub\New_3_Experiments\Experiment_3B_Jena_HCEF_LSTM_Model\Predictions,Folder,,D:\47\471\New Papers\Paper 3 IJOCTA\Sub\New_3_Experiments\Experiment_3B_Jena_HCEF_LSTM_Model
Reports,D:\47\471\New Papers\Paper 3 IJOCTA\Sub\New_3_Experiments\Experiment_3B_Jena_HCEF_LSTM_Model\Reports,Folder,,D:\47\471\New Papers\Paper 3 IJOCTA\Sub\New_3_Experiments\Experiment_3B_Jena_HCEF_LSTM_Model
Tables,D:\47\471\New Papers\Paper 3 IJOCTA\Sub\New_3_Experiments\Experiment_3B_Jena_HCEF_LSTM_Model\Tables,Folder,,D:\47\471\New Papers\Paper 3 IJOCTA\Sub\New_3_Experiments\Experiment_3B_Jena_HCEF_LSTM_Model
ensemble_weight_dynamics.png,D:\47\471\New Papers\Paper 3 IJOCTA\Sub\New_3_Experiments\Experiment_3B_Jena_HCEF_LSTM_Model\Figures\ensemble_weight_dynamics.png,File,.png,D:\47\471\New Papers\Paper 3 IJOCTA\Sub\New_3_Experiments\Experiment_3B_Jena_HCEF_LSTM_Model\Figures
hcef_lstm_observed_vs_predicted.png,D:\47\471\New Papers\Paper 3 IJOCTA\Sub\New_3_Experiments\Experiment_3B_Jena_HCEF_LSTM_Model\Figures\hcef_lstm_observed_vs_predicted.png,File,.png,D:\47\471\New Papers\Paper 3 IJOCTA\Sub\New_3_Experiments\Experiment_3B_Jena_HCEF_LSTM_Model\Figures
hcef_lstm_observed_vs_predicted_scatter.png,D:\47\471\New Papers\Paper 3 IJOCTA\Sub\New_3_Experiments\Experiment_3B_Jena_HCEF_LSTM_Model\Figures\hcef_lstm_observed_vs_predicted_scatter.png,File,.png,D:\47\471\New Papers\Paper 3 IJOCTA\Sub\New_3_Experiments\Experiment_3B_Jena_HCEF_LSTM_Model\Figures
hcef_lstm_residuals.png,D:\47\471\New Papers\Paper 3 IJOCTA\Sub\New_3_Experiments\Experiment_3B_Jena_HCEF_LSTM_Model\Figures\hcef_lstm_residuals.png,File,.png,D:\47\471\New Papers\Paper 3 IJOCTA\Sub\New_3_Experiments\Experiment_3B_Jena_HCEF_LSTM_Model\Figures
training_dynamics_mse.png,D:\47\471\New Papers\Paper 3 IJOCTA\Sub\New_3_Experiments\Experiment_3B_Jena_HCEF_LSTM_Model\Figures\training_dynamics_mse.png,File,.png,D:\47\471\New Papers\Paper 3 IJOCTA\Sub\New_3_Experiments\Experiment_3B_Jena_HCEF_LSTM_Model\Figures
validation_error_dynamics.png,D:\47\471\New Papers\Paper 3 IJOCTA\Sub\New_3_Experiments\Experiment_3B_Jena_HCEF_LSTM_Model\Figures\validation_error_dynamics.png,File,.png,D:\47\471\New Papers\Paper 3 IJOCTA\Sub\New_3_Experiments\Experiment_3B_Jena_HCEF_LSTM_Model\Figures
best_hcef_lstm_model.pt,D:\47\471\New Papers\Paper 3 IJOCTA\Sub\New_3_Experiments\Experiment_3B_Jena_HCEF_LSTM_Model\Models\best_hcef_lstm_model.pt,File,.pt,D:\47\471\New Papers\Paper 3 IJOCTA\Sub\New_3_Experiments\Experiment_3B_Jena_HCEF_LSTM_Model\Models
hcef_lstm_test_predictions.csv,D:\47\471\New Papers\Paper 3 IJOCTA\Sub\New_3_Experiments\Experiment_3B_Jena_HCEF_LSTM_Model\Predictions\hcef_lstm_test_predictions.csv,File,.csv,D:\47\471\New Papers\Paper 3 IJOCTA\Sub\New_3_Experiments\Experiment_3B_Jena_HCEF_LSTM_Model\Predictions
experiment_3b_summary.json,D:\47\471\New Papers\Paper 3 IJOCTA\Sub\New_3_Experiments\Experiment_3B_Jena_HCEF_LSTM_Model\Reports\experiment_3b_summary.json,File,.json,D:\47\471\New Papers\Paper 3 IJOCTA\Sub\New_3_Experiments\Experiment_3B_Jena_HCEF_LSTM_Model\Reports
METHODS_TEXT_Experiment_3B_Jena_HCEF_LSTM_Model.md,D:\47\471\New Papers\Paper 3 IJOCTA\Sub\New_3_Experiments\Experiment_3B_Jena_HCEF_LSTM_Model\Reports\METHODS_TEXT_Experiment_3B_Jena_HCEF_LSTM_Model.md,File,.md,D:\47\471\New Papers\Paper 3 IJOCTA\Sub\New_3_Experiments\Experiment_3B_Jena_HCEF_LSTM_Model\Reports
README_Experiment_3B_Jena_HCEF_LSTM_Model.md,D:\47\471\New Papers\Paper 3 IJOCTA\Sub\New_3_Experiments\Experiment_3B_Jena_HCEF_LSTM_Model\Reports\README_Experiment_3B_Jena_HCEF_LSTM_Model.md,File,.md,D:\47\471\New Papers\Paper 3 IJOCTA\Sub\New_3_Experiments\Experiment_3B_Jena_HCEF_LSTM_Model\Reports
chronological_split_summary.csv,D:\47\471\New Papers\Paper 3 IJOCTA\Sub\New_3_Experiments\Experiment_3B_Jena_HCEF_LSTM_Model\Tables\chronological_split_summary.csv,File,.csv,D:\47\471\New Papers\Paper 3 IJOCTA\Sub\New_3_Experiments\Experiment_3B_Jena_HCEF_LSTM_Model\Tables
hcef_lstm_test_metrics.csv,D:\47\471\New Papers\Paper 3 IJOCTA\Sub\New_3_Experiments\Experiment_3B_Jena_HCEF_LSTM_Model\Tables\hcef_lstm_test_metrics.csv,File,.csv,D:\47\471\New Papers\Paper 3 IJOCTA\Sub\New_3_Experiments\Experiment_3B_Jena_HCEF_LSTM_Model\Tables
training_history.csv,D:\47\471\New Papers\Paper 3 IJOCTA\Sub\New_3_Experiments\Experiment_3B_Jena_HCEF_LSTM_Model\Tables\training_history.csv,File,.csv,D:\47\471\New Papers\Paper 3 IJOCTA\Sub\New_3_Experiments\Experiment_3B_Jena_HCEF_LSTM_Model\Tables
Figures,D:\47\471\New Papers\Paper 3 IJOCTA\Sub\New_3_Experiments\Experiment_3_Jena_HCEF_Model\Figures,Folder,,D:\47\471\New Papers\Paper 3 IJOCTA\Sub\New_3_Experiments\Experiment_3_Jena_HCEF_Model
Models,D:\47\471\New Papers\Paper 3 IJOCTA\Sub\New_3_Experiments\Experiment_3_Jena_HCEF_Model\Models,Folder,,D:\47\471\New Papers\Paper 3 IJOCTA\Sub\New_3_Experiments\Experiment_3_Jena_HCEF_Model
Predictions,D:\47\471\New Papers\Paper 3 IJOCTA\Sub\New_3_Experiments\Experiment_3_Jena_HCEF_Model\Predictions,Folder,,D:\47\471\New Papers\Paper 3 IJOCTA\Sub\New_3_Experiments\Experiment_3_Jena_HCEF_Model
Reports,D:\47\471\New Papers\Paper 3 IJOCTA\Sub\New_3_Experiments\Experiment_3_Jena_HCEF_Model\Reports,Folder,,D:\47\471\New Papers\Paper 3 IJOCTA\Sub\New_3_Experiments\Experiment_3_Jena_HCEF_Model
Tables,D:\47\471\New Papers\Paper 3 IJOCTA\Sub\New_3_Experiments\Experiment_3_Jena_HCEF_Model\Tables,Folder,,D:\47\471\New Papers\Paper 3 IJOCTA\Sub\New_3_Experiments\Experiment_3_Jena_HCEF_Model
hcef_forecast.png,D:\47\471\New Papers\Paper 3 IJOCTA\Sub\New_3_Experiments\Experiment_3_Jena_HCEF_Model\Figures\hcef_forecast.png,File,.png,D:\47\471\New Papers\Paper 3 IJOCTA\Sub\New_3_Experiments\Experiment_3_Jena_HCEF_Model\Figures
training_curve.png,D:\47\471\New Papers\Paper 3 IJOCTA\Sub\New_3_Experiments\Experiment_3_Jena_HCEF_Model\Figures\training_curve.png,File,.png,D:\47\471\New Papers\Paper 3 IJOCTA\Sub\New_3_Experiments\Experiment_3_Jena_HCEF_Model\Figures
best_hcef_model.pt,D:\47\471\New Papers\Paper 3 IJOCTA\Sub\New_3_Experiments\Experiment_3_Jena_HCEF_Model\Models\best_hcef_model.pt,File,.pt,D:\47\471\New Papers\Paper 3 IJOCTA\Sub\New_3_Experiments\Experiment_3_Jena_HCEF_Model\Models
hcef_predictions.csv,D:\47\471\New Papers\Paper 3 IJOCTA\Sub\New_3_Experiments\Experiment_3_Jena_HCEF_Model\Predictions\hcef_predictions.csv,File,.csv,D:\47\471\New Papers\Paper 3 IJOCTA\Sub\New_3_Experiments\Experiment_3_Jena_HCEF_Model\Predictions
experiment_3_summary.json,D:\47\471\New Papers\Paper 3 IJOCTA\Sub\New_3_Experiments\Experiment_3_Jena_HCEF_Model\Reports\experiment_3_summary.json,File,.json,D:\47\471\New Papers\Paper 3 IJOCTA\Sub\New_3_Experiments\Experiment_3_Jena_HCEF_Model\Reports
hcef_test_metrics.csv,D:\47\471\New Papers\Paper 3 IJOCTA\Sub\New_3_Experiments\Experiment_3_Jena_HCEF_Model\Tables\hcef_test_metrics.csv,File,.csv,D:\47\471\New Papers\Paper 3 IJOCTA\Sub\New_3_Experiments\Experiment_3_Jena_HCEF_Model\Tables
Figures,D:\47\471\New Papers\Paper 3 IJOCTA\Sub\New_3_Experiments\Experiment_4_Jena_HCEF_Ablation_Study\Figures,Folder,,D:\47\471\New Papers\Paper 3 IJOCTA\Sub\New_3_Experiments\Experiment_4_Jena_HCEF_Ablation_Study
Models,D:\47\471\New Papers\Paper 3 IJOCTA\Sub\New_3_Experiments\Experiment_4_Jena_HCEF_Ablation_Study\Models,Folder,,D:\47\471\New Papers\Paper 3 IJOCTA\Sub\New_3_Experiments\Experiment_4_Jena_HCEF_Ablation_Study
Predictions,D:\47\471\New Papers\Paper 3 IJOCTA\Sub\New_3_Experiments\Experiment_4_Jena_HCEF_Ablation_Study\Predictions,Folder,,D:\47\471\New Papers\Paper 3 IJOCTA\Sub\New_3_Experiments\Experiment_4_Jena_HCEF_Ablation_Study
Reports,D:\47\471\New Papers\Paper 3 IJOCTA\Sub\New_3_Experiments\Experiment_4_Jena_HCEF_Ablation_Study\Reports,Folder,,D:\47\471\New Papers\Paper 3 IJOCTA\Sub\New_3_Experiments\Experiment_4_Jena_HCEF_Ablation_Study
Tables,D:\47\471\New Papers\Paper 3 IJOCTA\Sub\New_3_Experiments\Experiment_4_Jena_HCEF_Ablation_Study\Tables,Folder,,D:\47\471\New Papers\Paper 3 IJOCTA\Sub\New_3_Experiments\Experiment_4_Jena_HCEF_Ablation_Study
ablation_test_mae.png,D:\47\471\New Papers\Paper 3 IJOCTA\Sub\New_3_Experiments\Experiment_4_Jena_HCEF_Ablation_Study\Figures\ablation_test_mae.png,File,.png,D:\47\471\New Papers\Paper 3 IJOCTA\Sub\New_3_Experiments\Experiment_4_Jena_HCEF_Ablation_Study\Figures
ablation_test_r2.png,D:\47\471\New Papers\Paper 3 IJOCTA\Sub\New_3_Experiments\Experiment_4_Jena_HCEF_Ablation_Study\Figures\ablation_test_r2.png,File,.png,D:\47\471\New Papers\Paper 3 IJOCTA\Sub\New_3_Experiments\Experiment_4_Jena_HCEF_Ablation_Study\Figures
ablation_test_rmse.png,D:\47\471\New Papers\Paper 3 IJOCTA\Sub\New_3_Experiments\Experiment_4_Jena_HCEF_Ablation_Study\Figures\ablation_test_rmse.png,File,.png,D:\47\471\New Papers\Paper 3 IJOCTA\Sub\New_3_Experiments\Experiment_4_Jena_HCEF_Ablation_Study\Figures
ablation_validation_rmse_dynamics.png,D:\47\471\New Papers\Paper 3 IJOCTA\Sub\New_3_Experiments\Experiment_4_Jena_HCEF_Ablation_Study\Figures\ablation_validation_rmse_dynamics.png,File,.png,D:\47\471\New Papers\Paper 3 IJOCTA\Sub\New_3_Experiments\Experiment_4_Jena_HCEF_Ablation_Study\Figures
observed_vs_predicted_Full_Temporal_HCEF_LSTM.png,D:\47\471\New Papers\Paper 3 IJOCTA\Sub\New_3_Experiments\Experiment_4_Jena_HCEF_Ablation_Study\Figures\observed_vs_predicted_Full_Temporal_HCEF_LSTM.png,File,.png,D:\47\471\New Papers\Paper 3 IJOCTA\Sub\New_3_Experiments\Experiment_4_Jena_HCEF_Ablation_Study\Figures
observed_vs_predicted_LSTM_Only.png,D:\47\471\New Papers\Paper 3 IJOCTA\Sub\New_3_Experiments\Experiment_4_Jena_HCEF_Ablation_Study\Figures\observed_vs_predicted_LSTM_Only.png,File,.png,D:\47\471\New Papers\Paper 3 IJOCTA\Sub\New_3_Experiments\Experiment_4_Jena_HCEF_Ablation_Study\Figures
observed_vs_predicted_No_Contrastive_Loss.png,D:\47\471\New Papers\Paper 3 IJOCTA\Sub\New_3_Experiments\Experiment_4_Jena_HCEF_Ablation_Study\Figures\observed_vs_predicted_No_Contrastive_Loss.png,File,.png,D:\47\471\New Papers\Paper 3 IJOCTA\Sub\New_3_Experiments\Experiment_4_Jena_HCEF_Ablation_Study\Figures
observed_vs_predicted_No_Residual_Gate.png,D:\47\471\New Papers\Paper 3 IJOCTA\Sub\New_3_Experiments\Experiment_4_Jena_HCEF_Ablation_Study\Figures\observed_vs_predicted_No_Residual_Gate.png,File,.png,D:\47\471\New Papers\Paper 3 IJOCTA\Sub\New_3_Experiments\Experiment_4_Jena_HCEF_Ablation_Study\Figures
observed_vs_predicted_Single_Head_No_Ensemble.png,D:\47\471\New Papers\Paper 3 IJOCTA\Sub\New_3_Experiments\Experiment_4_Jena_HCEF_Ablation_Study\Figures\observed_vs_predicted_Single_Head_No_Ensemble.png,File,.png,D:\47\471\New Papers\Paper 3 IJOCTA\Sub\New_3_Experiments\Experiment_4_Jena_HCEF_Ablation_Study\Figures
best_Full_Temporal_HCEF_LSTM.pt,D:\47\471\New Papers\Paper 3 IJOCTA\Sub\New_3_Experiments\Experiment_4_Jena_HCEF_Ablation_Study\Models\best_Full_Temporal_HCEF_LSTM.pt,File,.pt,D:\47\471\New Papers\Paper 3 IJOCTA\Sub\New_3_Experiments\Experiment_4_Jena_HCEF_Ablation_Study\Models
best_LSTM_Only.pt,D:\47\471\New Papers\Paper 3 IJOCTA\Sub\New_3_Experiments\Experiment_4_Jena_HCEF_Ablation_Study\Models\best_LSTM_Only.pt,File,.pt,D:\47\471\New Papers\Paper 3 IJOCTA\Sub\New_3_Experiments\Experiment_4_Jena_HCEF_Ablation_Study\Models
best_No_Contrastive_Loss.pt,D:\47\471\New Papers\Paper 3 IJOCTA\Sub\New_3_Experiments\Experiment_4_Jena_HCEF_Ablation_Study\Models\best_No_Contrastive_Loss.pt,File,.pt,D:\47\471\New Papers\Paper 3 IJOCTA\Sub\New_3_Experiments\Experiment_4_Jena_HCEF_Ablation_Study\Models
best_No_Residual_Gate.pt,D:\47\471\New Papers\Paper 3 IJOCTA\Sub\New_3_Experiments\Experiment_4_Jena_HCEF_Ablation_Study\Models\best_No_Residual_Gate.pt,File,.pt,D:\47\471\New Papers\Paper 3 IJOCTA\Sub\New_3_Experiments\Experiment_4_Jena_HCEF_Ablation_Study\Models
best_Single_Head_No_Ensemble.pt,D:\47\471\New Papers\Paper 3 IJOCTA\Sub\New_3_Experiments\Experiment_4_Jena_HCEF_Ablation_Study\Models\best_Single_Head_No_Ensemble.pt,File,.pt,D:\47\471\New Papers\Paper 3 IJOCTA\Sub\New_3_Experiments\Experiment_4_Jena_HCEF_Ablation_Study\Models
predictions_Full_Temporal_HCEF_LSTM.csv,D:\47\471\New Papers\Paper 3 IJOCTA\Sub\New_3_Experiments\Experiment_4_Jena_HCEF_Ablation_Study\Predictions\predictions_Full_Temporal_HCEF_LSTM.csv,File,.csv,D:\47\471\New Papers\Paper 3 IJOCTA\Sub\New_3_Experiments\Experiment_4_Jena_HCEF_Ablation_Study\Predictions
predictions_LSTM_Only.csv,D:\47\471\New Papers\Paper 3 IJOCTA\Sub\New_3_Experiments\Experiment_4_Jena_HCEF_Ablation_Study\Predictions\predictions_LSTM_Only.csv,File,.csv,D:\47\471\New Papers\Paper 3 IJOCTA\Sub\New_3_Experiments\Experiment_4_Jena_HCEF_Ablation_Study\Predictions
predictions_No_Contrastive_Loss.csv,D:\47\471\New Papers\Paper 3 IJOCTA\Sub\New_3_Experiments\Experiment_4_Jena_HCEF_Ablation_Study\Predictions\predictions_No_Contrastive_Loss.csv,File,.csv,D:\47\471\New Papers\Paper 3 IJOCTA\Sub\New_3_Experiments\Experiment_4_Jena_HCEF_Ablation_Study\Predictions
predictions_No_Residual_Gate.csv,D:\47\471\New Papers\Paper 3 IJOCTA\Sub\New_3_Experiments\Experiment_4_Jena_HCEF_Ablation_Study\Predictions\predictions_No_Residual_Gate.csv,File,.csv,D:\47\471\New Papers\Paper 3 IJOCTA\Sub\New_3_Experiments\Experiment_4_Jena_HCEF_Ablation_Study\Predictions
predictions_Single_Head_No_Ensemble.csv,D:\47\471\New Papers\Paper 3 IJOCTA\Sub\New_3_Experiments\Experiment_4_Jena_HCEF_Ablation_Study\Predictions\predictions_Single_Head_No_Ensemble.csv,File,.csv,D:\47\471\New Papers\Paper 3 IJOCTA\Sub\New_3_Experiments\Experiment_4_Jena_HCEF_Ablation_Study\Predictions
experiment_4_summary.json,D:\47\471\New Papers\Paper 3 IJOCTA\Sub\New_3_Experiments\Experiment_4_Jena_HCEF_Ablation_Study\Reports\experiment_4_summary.json,File,.json,D:\47\471\New Papers\Paper 3 IJOCTA\Sub\New_3_Experiments\Experiment_4_Jena_HCEF_Ablation_Study\Reports
METHODS_TEXT_Experiment_4_Jena_HCEF_Ablation_Study.md,D:\47\471\New Papers\Paper 3 IJOCTA\Sub\New_3_Experiments\Experiment_4_Jena_HCEF_Ablation_Study\Reports\METHODS_TEXT_Experiment_4_Jena_HCEF_Ablation_Study.md,File,.md,D:\47\471\New Papers\Paper 3 IJOCTA\Sub\New_3_Experiments\Experiment_4_Jena_HCEF_Ablation_Study\Reports
README_Experiment_4_Jena_HCEF_Ablation_Study.md,D:\47\471\New Papers\Paper 3 IJOCTA\Sub\New_3_Experiments\Experiment_4_Jena_HCEF_Ablation_Study\Reports\README_Experiment_4_Jena_HCEF_Ablation_Study.md,File,.md,D:\47\471\New Papers\Paper 3 IJOCTA\Sub\New_3_Experiments\Experiment_4_Jena_HCEF_Ablation_Study\Reports
ablation_test_metrics.csv,D:\47\471\New Papers\Paper 3 IJOCTA\Sub\New_3_Experiments\Experiment_4_Jena_HCEF_Ablation_Study\Tables\ablation_test_metrics.csv,File,.csv,D:\47\471\New Papers\Paper 3 IJOCTA\Sub\New_3_Experiments\Experiment_4_Jena_HCEF_Ablation_Study\Tables
chronological_split_summary.csv,D:\47\471\New Papers\Paper 3 IJOCTA\Sub\New_3_Experiments\Experiment_4_Jena_HCEF_Ablation_Study\Tables\chronological_split_summary.csv,File,.csv,D:\47\471\New Papers\Paper 3 IJOCTA\Sub\New_3_Experiments\Experiment_4_Jena_HCEF_Ablation_Study\Tables
component_contribution_analysis.csv,D:\47\471\New Papers\Paper 3 IJOCTA\Sub\New_3_Experiments\Experiment_4_Jena_HCEF_Ablation_Study\Tables\component_contribution_analysis.csv,File,.csv,D:\47\471\New Papers\Paper 3 IJOCTA\Sub\New_3_Experiments\Experiment_4_Jena_HCEF_Ablation_Study\Tables
training_history_Full_Temporal_HCEF_LSTM.csv,D:\47\471\New Papers\Paper 3 IJOCTA\Sub\New_3_Experiments\Experiment_4_Jena_HCEF_Ablation_Study\Tables\training_history_Full_Temporal_HCEF_LSTM.csv,File,.csv,D:\47\471\New Papers\Paper 3 IJOCTA\Sub\New_3_Experiments\Experiment_4_Jena_HCEF_Ablation_Study\Tables
training_history_LSTM_Only.csv,D:\47\471\New Papers\Paper 3 IJOCTA\Sub\New_3_Experiments\Experiment_4_Jena_HCEF_Ablation_Study\Tables\training_history_LSTM_Only.csv,File,.csv,D:\47\471\New Papers\Paper 3 IJOCTA\Sub\New_3_Experiments\Experiment_4_Jena_HCEF_Ablation_Study\Tables
training_history_No_Contrastive_Loss.csv,D:\47\471\New Papers\Paper 3 IJOCTA\Sub\New_3_Experiments\Experiment_4_Jena_HCEF_Ablation_Study\Tables\training_history_No_Contrastive_Loss.csv,File,.csv,D:\47\471\New Papers\Paper 3 IJOCTA\Sub\New_3_Experiments\Experiment_4_Jena_HCEF_Ablation_Study\Tables
training_history_No_Residual_Gate.csv,D:\47\471\New Papers\Paper 3 IJOCTA\Sub\New_3_Experiments\Experiment_4_Jena_HCEF_Ablation_Study\Tables\training_history_No_Residual_Gate.csv,File,.csv,D:\47\471\New Papers\Paper 3 IJOCTA\Sub\New_3_Experiments\Experiment_4_Jena_HCEF_Ablation_Study\Tables
training_history_Single_Head_No_Ensemble.csv,D:\47\471\New Papers\Paper 3 IJOCTA\Sub\New_3_Experiments\Experiment_4_Jena_HCEF_Ablation_Study\Tables\training_history_Single_Head_No_Ensemble.csv,File,.csv,D:\47\471\New Papers\Paper 3 IJOCTA\Sub\New_3_Experiments\Experiment_4_Jena_HCEF_Ablation_Study\Tables
Figures,D:\47\471\New Papers\Paper 3 IJOCTA\Sub\New_3_Experiments\Experiment_5_Jena_Lookback_Window_Sensitivity\Figures,Folder,,D:\47\471\New Papers\Paper 3 IJOCTA\Sub\New_3_Experiments\Experiment_5_Jena_Lookback_Window_Sensitivity
Models,D:\47\471\New Papers\Paper 3 IJOCTA\Sub\New_3_Experiments\Experiment_5_Jena_Lookback_Window_Sensitivity\Models,Folder,,D:\47\471\New Papers\Paper 3 IJOCTA\Sub\New_3_Experiments\Experiment_5_Jena_Lookback_Window_Sensitivity
Predictions,D:\47\471\New Papers\Paper 3 IJOCTA\Sub\New_3_Experiments\Experiment_5_Jena_Lookback_Window_Sensitivity\Predictions,Folder,,D:\47\471\New Papers\Paper 3 IJOCTA\Sub\New_3_Experiments\Experiment_5_Jena_Lookback_Window_Sensitivity
Reports,D:\47\471\New Papers\Paper 3 IJOCTA\Sub\New_3_Experiments\Experiment_5_Jena_Lookback_Window_Sensitivity\Reports,Folder,,D:\47\471\New Papers\Paper 3 IJOCTA\Sub\New_3_Experiments\Experiment_5_Jena_Lookback_Window_Sensitivity
Tables,D:\47\471\New Papers\Paper 3 IJOCTA\Sub\New_3_Experiments\Experiment_5_Jena_Lookback_Window_Sensitivity\Tables,Folder,,D:\47\471\New Papers\Paper 3 IJOCTA\Sub\New_3_Experiments\Experiment_5_Jena_Lookback_Window_Sensitivity
lookback_window_mae.png,D:\47\471\New Papers\Paper 3 IJOCTA\Sub\New_3_Experiments\Experiment_5_Jena_Lookback_Window_Sensitivity\Figures\lookback_window_mae.png,File,.png,D:\47\471\New Papers\Paper 3 IJOCTA\Sub\New_3_Experiments\Experiment_5_Jena_Lookback_Window_Sensitivity\Figures
lookback_window_r2.png,D:\47\471\New Papers\Paper 3 IJOCTA\Sub\New_3_Experiments\Experiment_5_Jena_Lookback_Window_Sensitivity\Figures\lookback_window_r2.png,File,.png,D:\47\471\New Papers\Paper 3 IJOCTA\Sub\New_3_Experiments\Experiment_5_Jena_Lookback_Window_Sensitivity\Figures
lookback_window_rmse.png,D:\47\471\New Papers\Paper 3 IJOCTA\Sub\New_3_Experiments\Experiment_5_Jena_Lookback_Window_Sensitivity\Figures\lookback_window_rmse.png,File,.png,D:\47\471\New Papers\Paper 3 IJOCTA\Sub\New_3_Experiments\Experiment_5_Jena_Lookback_Window_Sensitivity\Figures
lookback_window_rmse_bar.png,D:\47\471\New Papers\Paper 3 IJOCTA\Sub\New_3_Experiments\Experiment_5_Jena_Lookback_Window_Sensitivity\Figures\lookback_window_rmse_bar.png,File,.png,D:\47\471\New Papers\Paper 3 IJOCTA\Sub\New_3_Experiments\Experiment_5_Jena_Lookback_Window_Sensitivity\Figures
lookback_window_validation_rmse_dynamics.png,D:\47\471\New Papers\Paper 3 IJOCTA\Sub\New_3_Experiments\Experiment_5_Jena_Lookback_Window_Sensitivity\Figures\lookback_window_validation_rmse_dynamics.png,File,.png,D:\47\471\New Papers\Paper 3 IJOCTA\Sub\New_3_Experiments\Experiment_5_Jena_Lookback_Window_Sensitivity\Figures
observed_vs_predicted_14d.png,D:\47\471\New Papers\Paper 3 IJOCTA\Sub\New_3_Experiments\Experiment_5_Jena_Lookback_Window_Sensitivity\Figures\observed_vs_predicted_14d.png,File,.png,D:\47\471\New Papers\Paper 3 IJOCTA\Sub\New_3_Experiments\Experiment_5_Jena_Lookback_Window_Sensitivity\Figures
observed_vs_predicted_30d.png,D:\47\471\New Papers\Paper 3 IJOCTA\Sub\New_3_Experiments\Experiment_5_Jena_Lookback_Window_Sensitivity\Figures\observed_vs_predicted_30d.png,File,.png,D:\47\471\New Papers\Paper 3 IJOCTA\Sub\New_3_Experiments\Experiment_5_Jena_Lookback_Window_Sensitivity\Figures
observed_vs_predicted_3d.png,D:\47\471\New Papers\Paper 3 IJOCTA\Sub\New_3_Experiments\Experiment_5_Jena_Lookback_Window_Sensitivity\Figures\observed_vs_predicted_3d.png,File,.png,D:\47\471\New Papers\Paper 3 IJOCTA\Sub\New_3_Experiments\Experiment_5_Jena_Lookback_Window_Sensitivity\Figures
observed_vs_predicted_7d.png,D:\47\471\New Papers\Paper 3 IJOCTA\Sub\New_3_Experiments\Experiment_5_Jena_Lookback_Window_Sensitivity\Figures\observed_vs_predicted_7d.png,File,.png,D:\47\471\New Papers\Paper 3 IJOCTA\Sub\New_3_Experiments\Experiment_5_Jena_Lookback_Window_Sensitivity\Figures
best_hcef_lstm_14d.pt,D:\47\471\New Papers\Paper 3 IJOCTA\Sub\New_3_Experiments\Experiment_5_Jena_Lookback_Window_Sensitivity\Models\best_hcef_lstm_14d.pt,File,.pt,D:\47\471\New Papers\Paper 3 IJOCTA\Sub\New_3_Experiments\Experiment_5_Jena_Lookback_Window_Sensitivity\Models
best_hcef_lstm_30d.pt,D:\47\471\New Papers\Paper 3 IJOCTA\Sub\New_3_Experiments\Experiment_5_Jena_Lookback_Window_Sensitivity\Models\best_hcef_lstm_30d.pt,File,.pt,D:\47\471\New Papers\Paper 3 IJOCTA\Sub\New_3_Experiments\Experiment_5_Jena_Lookback_Window_Sensitivity\Models
best_hcef_lstm_3d.pt,D:\47\471\New Papers\Paper 3 IJOCTA\Sub\New_3_Experiments\Experiment_5_Jena_Lookback_Window_Sensitivity\Models\best_hcef_lstm_3d.pt,File,.pt,D:\47\471\New Papers\Paper 3 IJOCTA\Sub\New_3_Experiments\Experiment_5_Jena_Lookback_Window_Sensitivity\Models
best_hcef_lstm_7d.pt,D:\47\471\New Papers\Paper 3 IJOCTA\Sub\New_3_Experiments\Experiment_5_Jena_Lookback_Window_Sensitivity\Models\best_hcef_lstm_7d.pt,File,.pt,D:\47\471\New Papers\Paper 3 IJOCTA\Sub\New_3_Experiments\Experiment_5_Jena_Lookback_Window_Sensitivity\Models
predictions_14d.csv,D:\47\471\New Papers\Paper 3 IJOCTA\Sub\New_3_Experiments\Experiment_5_Jena_Lookback_Window_Sensitivity\Predictions\predictions_14d.csv,File,.csv,D:\47\471\New Papers\Paper 3 IJOCTA\Sub\New_3_Experiments\Experiment_5_Jena_Lookback_Window_Sensitivity\Predictions
predictions_30d.csv,D:\47\471\New Papers\Paper 3 IJOCTA\Sub\New_3_Experiments\Experiment_5_Jena_Lookback_Window_Sensitivity\Predictions\predictions_30d.csv,File,.csv,D:\47\471\New Papers\Paper 3 IJOCTA\Sub\New_3_Experiments\Experiment_5_Jena_Lookback_Window_Sensitivity\Predictions
predictions_3d.csv,D:\47\471\New Papers\Paper 3 IJOCTA\Sub\New_3_Experiments\Experiment_5_Jena_Lookback_Window_Sensitivity\Predictions\predictions_3d.csv,File,.csv,D:\47\471\New Papers\Paper 3 IJOCTA\Sub\New_3_Experiments\Experiment_5_Jena_Lookback_Window_Sensitivity\Predictions
predictions_7d.csv,D:\47\471\New Papers\Paper 3 IJOCTA\Sub\New_3_Experiments\Experiment_5_Jena_Lookback_Window_Sensitivity\Predictions\predictions_7d.csv,File,.csv,D:\47\471\New Papers\Paper 3 IJOCTA\Sub\New_3_Experiments\Experiment_5_Jena_Lookback_Window_Sensitivity\Predictions
experiment_5_summary.json,D:\47\471\New Papers\Paper 3 IJOCTA\Sub\New_3_Experiments\Experiment_5_Jena_Lookback_Window_Sensitivity\Reports\experiment_5_summary.json,File,.json,D:\47\471\New Papers\Paper 3 IJOCTA\Sub\New_3_Experiments\Experiment_5_Jena_Lookback_Window_Sensitivity\Reports
METHODS_TEXT_Experiment_5_Jena_Lookback_Window_Sensitivity.md,D:\47\471\New Papers\Paper 3 IJOCTA\Sub\New_3_Experiments\Experiment_5_Jena_Lookback_Window_Sensitivity\Reports\METHODS_TEXT_Experiment_5_Jena_Lookback_Window_Sensitivity.md,File,.md,D:\47\471\New Papers\Paper 3 IJOCTA\Sub\New_3_Experiments\Experiment_5_Jena_Lookback_Window_Sensitivity\Reports
README_Experiment_5_Jena_Lookback_Window_Sensitivity.md,D:\47\471\New Papers\Paper 3 IJOCTA\Sub\New_3_Experiments\Experiment_5_Jena_Lookback_Window_Sensitivity\Reports\README_Experiment_5_Jena_Lookback_Window_Sensitivity.md,File,.md,D:\47\471\New Papers\Paper 3 IJOCTA\Sub\New_3_Experiments\Experiment_5_Jena_Lookback_Window_Sensitivity\Reports
lookback_window_sensitivity_metrics.csv,D:\47\471\New Papers\Paper 3 IJOCTA\Sub\New_3_Experiments\Experiment_5_Jena_Lookback_Window_Sensitivity\Tables\lookback_window_sensitivity_metrics.csv,File,.csv,D:\47\471\New Papers\Paper 3 IJOCTA\Sub\New_3_Experiments\Experiment_5_Jena_Lookback_Window_Sensitivity\Tables
training_history_14d.csv,D:\47\471\New Papers\Paper 3 IJOCTA\Sub\New_3_Experiments\Experiment_5_Jena_Lookback_Window_Sensitivity\Tables\training_history_14d.csv,File,.csv,D:\47\471\New Papers\Paper 3 IJOCTA\Sub\New_3_Experiments\Experiment_5_Jena_Lookback_Window_Sensitivity\Tables
training_history_30d.csv,D:\47\471\New Papers\Paper 3 IJOCTA\Sub\New_3_Experiments\Experiment_5_Jena_Lookback_Window_Sensitivity\Tables\training_history_30d.csv,File,.csv,D:\47\471\New Papers\Paper 3 IJOCTA\Sub\New_3_Experiments\Experiment_5_Jena_Lookback_Window_Sensitivity\Tables
training_history_3d.csv,D:\47\471\New Papers\Paper 3 IJOCTA\Sub\New_3_Experiments\Experiment_5_Jena_Lookback_Window_Sensitivity\Tables\training_history_3d.csv,File,.csv,D:\47\471\New Papers\Paper 3 IJOCTA\Sub\New_3_Experiments\Experiment_5_Jena_Lookback_Window_Sensitivity\Tables
training_history_7d.csv,D:\47\471\New Papers\Paper 3 IJOCTA\Sub\New_3_Experiments\Experiment_5_Jena_Lookback_Window_Sensitivity\Tables\training_history_7d.csv,File,.csv,D:\47\471\New Papers\Paper 3 IJOCTA\Sub\New_3_Experiments\Experiment_5_Jena_Lookback_Window_Sensitivity\Tables
Figures,D:\47\471\New Papers\Paper 3 IJOCTA\Sub\New_3_Experiments\Experiment_6_Final_Comparative_Summary\Figures,Folder,,D:\47\471\New Papers\Paper 3 IJOCTA\Sub\New_3_Experiments\Experiment_6_Final_Comparative_Summary
Reports,D:\47\471\New Papers\Paper 3 IJOCTA\Sub\New_3_Experiments\Experiment_6_Final_Comparative_Summary\Reports,Folder,,D:\47\471\New Papers\Paper 3 IJOCTA\Sub\New_3_Experiments\Experiment_6_Final_Comparative_Summary
Tables,D:\47\471\New Papers\Paper 3 IJOCTA\Sub\New_3_Experiments\Experiment_6_Final_Comparative_Summary\Tables,Folder,,D:\47\471\New Papers\Paper 3 IJOCTA\Sub\New_3_Experiments\Experiment_6_Final_Comparative_Summary
final_comparison_mae.png,D:\47\471\New Papers\Paper 3 IJOCTA\Sub\New_3_Experiments\Experiment_6_Final_Comparative_Summary\Figures\final_comparison_mae.png,File,.png,D:\47\471\New Papers\Paper 3 IJOCTA\Sub\New_3_Experiments\Experiment_6_Final_Comparative_Summary\Figures
final_comparison_r2.png,D:\47\471\New Papers\Paper 3 IJOCTA\Sub\New_3_Experiments\Experiment_6_Final_Comparative_Summary\Figures\final_comparison_r2.png,File,.png,D:\47\471\New Papers\Paper 3 IJOCTA\Sub\New_3_Experiments\Experiment_6_Final_Comparative_Summary\Figures
final_comparison_rmse.png,D:\47\471\New Papers\Paper 3 IJOCTA\Sub\New_3_Experiments\Experiment_6_Final_Comparative_Summary\Figures\final_comparison_rmse.png,File,.png,D:\47\471\New Papers\Paper 3 IJOCTA\Sub\New_3_Experiments\Experiment_6_Final_Comparative_Summary\Figures
experiment_6_summary.json,D:\47\471\New Papers\Paper 3 IJOCTA\Sub\New_3_Experiments\Experiment_6_Final_Comparative_Summary\Reports\experiment_6_summary.json,File,.json,D:\47\471\New Papers\Paper 3 IJOCTA\Sub\New_3_Experiments\Experiment_6_Final_Comparative_Summary\Reports
METHODS_TEXT_Experiment_6_Final_Comparative_Summary.md,D:\47\471\New Papers\Paper 3 IJOCTA\Sub\New_3_Experiments\Experiment_6_Final_Comparative_Summary\Reports\METHODS_TEXT_Experiment_6_Final_Comparative_Summary.md,File,.md,D:\47\471\New Papers\Paper 3 IJOCTA\Sub\New_3_Experiments\Experiment_6_Final_Comparative_Summary\Reports
final_model_comparison_summary.csv,D:\47\471\New Papers\Paper 3 IJOCTA\Sub\New_3_Experiments\Experiment_6_Final_Comparative_Summary\Tables\final_model_comparison_summary.csv,File,.csv,D:\47\471\New Papers\Paper 3 IJOCTA\Sub\New_3_Experiments\Experiment_6_Final_Comparative_Summary\Tables
Figures,D:\47\471\New Papers\Paper 3 IJOCTA\Sub\New_3_Experiments\Experiment_7_HCEF_External_Validation_Breast_Cancer\Figures,Folder,,D:\47\471\New Papers\Paper 3 IJOCTA\Sub\New_3_Experiments\Experiment_7_HCEF_External_Validation_Breast_Cancer
Models,D:\47\471\New Papers\Paper 3 IJOCTA\Sub\New_3_Experiments\Experiment_7_HCEF_External_Validation_Breast_Cancer\Models,Folder,,D:\47\471\New Papers\Paper 3 IJOCTA\Sub\New_3_Experiments\Experiment_7_HCEF_External_Validation_Breast_Cancer
Predictions,D:\47\471\New Papers\Paper 3 IJOCTA\Sub\New_3_Experiments\Experiment_7_HCEF_External_Validation_Breast_Cancer\Predictions,Folder,,D:\47\471\New Papers\Paper 3 IJOCTA\Sub\New_3_Experiments\Experiment_7_HCEF_External_Validation_Breast_Cancer
Processed_Data,D:\47\471\New Papers\Paper 3 IJOCTA\Sub\New_3_Experiments\Experiment_7_HCEF_External_Validation_Breast_Cancer\Processed_Data,Folder,,D:\47\471\New Papers\Paper 3 IJOCTA\Sub\New_3_Experiments\Experiment_7_HCEF_External_Validation_Breast_Cancer
Reports,D:\47\471\New Papers\Paper 3 IJOCTA\Sub\New_3_Experiments\Experiment_7_HCEF_External_Validation_Breast_Cancer\Reports,Folder,,D:\47\471\New Papers\Paper 3 IJOCTA\Sub\New_3_Experiments\Experiment_7_HCEF_External_Validation_Breast_Cancer
Tables,D:\47\471\New Papers\Paper 3 IJOCTA\Sub\New_3_Experiments\Experiment_7_HCEF_External_Validation_Breast_Cancer\Tables,Folder,,D:\47\471\New Papers\Paper 3 IJOCTA\Sub\New_3_Experiments\Experiment_7_HCEF_External_Validation_Breast_Cancer
hcef_confusion_matrix.png,D:\47\471\New Papers\Paper 3 IJOCTA\Sub\New_3_Experiments\Experiment_7_HCEF_External_Validation_Breast_Cancer\Figures\hcef_confusion_matrix.png,File,.png,D:\47\471\New Papers\Paper 3 IJOCTA\Sub\New_3_Experiments\Experiment_7_HCEF_External_Validation_Breast_Cancer\Figures
hcef_pr_curve.png,D:\47\471\New Papers\Paper 3 IJOCTA\Sub\New_3_Experiments\Experiment_7_HCEF_External_Validation_Breast_Cancer\Figures\hcef_pr_curve.png,File,.png,D:\47\471\New Papers\Paper 3 IJOCTA\Sub\New_3_Experiments\Experiment_7_HCEF_External_Validation_Breast_Cancer\Figures
hcef_roc_curve.png,D:\47\471\New Papers\Paper 3 IJOCTA\Sub\New_3_Experiments\Experiment_7_HCEF_External_Validation_Breast_Cancer\Figures\hcef_roc_curve.png,File,.png,D:\47\471\New Papers\Paper 3 IJOCTA\Sub\New_3_Experiments\Experiment_7_HCEF_External_Validation_Breast_Cancer\Figures
hcef_training_dynamics.png,D:\47\471\New Papers\Paper 3 IJOCTA\Sub\New_3_Experiments\Experiment_7_HCEF_External_Validation_Breast_Cancer\Figures\hcef_training_dynamics.png,File,.png,D:\47\471\New Papers\Paper 3 IJOCTA\Sub\New_3_Experiments\Experiment_7_HCEF_External_Validation_Breast_Cancer\Figures
hcef_validation_dynamics.png,D:\47\471\New Papers\Paper 3 IJOCTA\Sub\New_3_Experiments\Experiment_7_HCEF_External_Validation_Breast_Cancer\Figures\hcef_validation_dynamics.png,File,.png,D:\47\471\New Papers\Paper 3 IJOCTA\Sub\New_3_Experiments\Experiment_7_HCEF_External_Validation_Breast_Cancer\Figures
model_comparison_f1.png,D:\47\471\New Papers\Paper 3 IJOCTA\Sub\New_3_Experiments\Experiment_7_HCEF_External_Validation_Breast_Cancer\Figures\model_comparison_f1.png,File,.png,D:\47\471\New Papers\Paper 3 IJOCTA\Sub\New_3_Experiments\Experiment_7_HCEF_External_Validation_Breast_Cancer\Figures
model_comparison_roc_auc.png,D:\47\471\New Papers\Paper 3 IJOCTA\Sub\New_3_Experiments\Experiment_7_HCEF_External_Validation_Breast_Cancer\Figures\model_comparison_roc_auc.png,File,.png,D:\47\471\New Papers\Paper 3 IJOCTA\Sub\New_3_Experiments\Experiment_7_HCEF_External_Validation_Breast_Cancer\Figures
target_distribution.png,D:\47\471\New Papers\Paper 3 IJOCTA\Sub\New_3_Experiments\Experiment_7_HCEF_External_Validation_Breast_Cancer\Figures\target_distribution.png,File,.png,D:\47\471\New Papers\Paper 3 IJOCTA\Sub\New_3_Experiments\Experiment_7_HCEF_External_Validation_Breast_Cancer\Figures
best_hcef_breast_cancer.pt,D:\47\471\New Papers\Paper 3 IJOCTA\Sub\New_3_Experiments\Experiment_7_HCEF_External_Validation_Breast_Cancer\Models\best_hcef_breast_cancer.pt,File,.pt,D:\47\471\New Papers\Paper 3 IJOCTA\Sub\New_3_Experiments\Experiment_7_HCEF_External_Validation_Breast_Cancer\Models
predictions_Extra_Trees.csv,D:\47\471\New Papers\Paper 3 IJOCTA\Sub\New_3_Experiments\Experiment_7_HCEF_External_Validation_Breast_Cancer\Predictions\predictions_Extra_Trees.csv,File,.csv,D:\47\471\New Papers\Paper 3 IJOCTA\Sub\New_3_Experiments\Experiment_7_HCEF_External_Validation_Breast_Cancer\Predictions
predictions_Gradient_Boosting.csv,D:\47\471\New Papers\Paper 3 IJOCTA\Sub\New_3_Experiments\Experiment_7_HCEF_External_Validation_Breast_Cancer\Predictions\predictions_Gradient_Boosting.csv,File,.csv,D:\47\471\New Papers\Paper 3 IJOCTA\Sub\New_3_Experiments\Experiment_7_HCEF_External_Validation_Breast_Cancer\Predictions
predictions_HCE-F_Tabular_Breast_Cancer.csv,D:\47\471\New Papers\Paper 3 IJOCTA\Sub\New_3_Experiments\Experiment_7_HCEF_External_Validation_Breast_Cancer\Predictions\predictions_HCE-F_Tabular_Breast_Cancer.csv,File,.csv,D:\47\471\New Papers\Paper 3 IJOCTA\Sub\New_3_Experiments\Experiment_7_HCEF_External_Validation_Breast_Cancer\Predictions
predictions_Logistic_Regression.csv,D:\47\471\New Papers\Paper 3 IJOCTA\Sub\New_3_Experiments\Experiment_7_HCEF_External_Validation_Breast_Cancer\Predictions\predictions_Logistic_Regression.csv,File,.csv,D:\47\471\New Papers\Paper 3 IJOCTA\Sub\New_3_Experiments\Experiment_7_HCEF_External_Validation_Breast_Cancer\Predictions
predictions_MLP.csv,D:\47\471\New Papers\Paper 3 IJOCTA\Sub\New_3_Experiments\Experiment_7_HCEF_External_Validation_Breast_Cancer\Predictions\predictions_MLP.csv,File,.csv,D:\47\471\New Papers\Paper 3 IJOCTA\Sub\New_3_Experiments\Experiment_7_HCEF_External_Validation_Breast_Cancer\Predictions
predictions_Random_Forest.csv,D:\47\471\New Papers\Paper 3 IJOCTA\Sub\New_3_Experiments\Experiment_7_HCEF_External_Validation_Breast_Cancer\Predictions\predictions_Random_Forest.csv,File,.csv,D:\47\471\New Papers\Paper 3 IJOCTA\Sub\New_3_Experiments\Experiment_7_HCEF_External_Validation_Breast_Cancer\Predictions
predictions_SVM_RBF.csv,D:\47\471\New Papers\Paper 3 IJOCTA\Sub\New_3_Experiments\Experiment_7_HCEF_External_Validation_Breast_Cancer\Predictions\predictions_SVM_RBF.csv,File,.csv,D:\47\471\New Papers\Paper 3 IJOCTA\Sub\New_3_Experiments\Experiment_7_HCEF_External_Validation_Breast_Cancer\Predictions
breast_cancer_processed.csv,D:\47\471\New Papers\Paper 3 IJOCTA\Sub\New_3_Experiments\Experiment_7_HCEF_External_Validation_Breast_Cancer\Processed_Data\breast_cancer_processed.csv,File,.csv,D:\47\471\New Papers\Paper 3 IJOCTA\Sub\New_3_Experiments\Experiment_7_HCEF_External_Validation_Breast_Cancer\Processed_Data
dataset_summary.json,D:\47\471\New Papers\Paper 3 IJOCTA\Sub\New_3_Experiments\Experiment_7_HCEF_External_Validation_Breast_Cancer\Reports\dataset_summary.json,File,.json,D:\47\471\New Papers\Paper 3 IJOCTA\Sub\New_3_Experiments\Experiment_7_HCEF_External_Validation_Breast_Cancer\Reports
experiment_7_summary.json,D:\47\471\New Papers\Paper 3 IJOCTA\Sub\New_3_Experiments\Experiment_7_HCEF_External_Validation_Breast_Cancer\Reports\experiment_7_summary.json,File,.json,D:\47\471\New Papers\Paper 3 IJOCTA\Sub\New_3_Experiments\Experiment_7_HCEF_External_Validation_Breast_Cancer\Reports
METHODS_TEXT_Experiment_7_HCEF_External_Validation_Breast_Cancer.md,D:\47\471\New Papers\Paper 3 IJOCTA\Sub\New_3_Experiments\Experiment_7_HCEF_External_Validation_Breast_Cancer\Reports\METHODS_TEXT_Experiment_7_HCEF_External_Validation_Breast_Cancer.md,File,.md,D:\47\471\New Papers\Paper 3 IJOCTA\Sub\New_3_Experiments\Experiment_7_HCEF_External_Validation_Breast_Cancer\Reports
README_Experiment_7_HCEF_External_Validation_Breast_Cancer.md,D:\47\471\New Papers\Paper 3 IJOCTA\Sub\New_3_Experiments\Experiment_7_HCEF_External_Validation_Breast_Cancer\Reports\README_Experiment_7_HCEF_External_Validation_Breast_Cancer.md,File,.md,D:\47\471\New Papers\Paper 3 IJOCTA\Sub\New_3_Experiments\Experiment_7_HCEF_External_Validation_Breast_Cancer\Reports
classical_baseline_metrics.csv,D:\47\471\New Papers\Paper 3 IJOCTA\Sub\New_3_Experiments\Experiment_7_HCEF_External_Validation_Breast_Cancer\Tables\classical_baseline_metrics.csv,File,.csv,D:\47\471\New Papers\Paper 3 IJOCTA\Sub\New_3_Experiments\Experiment_7_HCEF_External_Validation_Breast_Cancer\Tables
dataset_summary.csv,D:\47\471\New Papers\Paper 3 IJOCTA\Sub\New_3_Experiments\Experiment_7_HCEF_External_Validation_Breast_Cancer\Tables\dataset_summary.csv,File,.csv,D:\47\471\New Papers\Paper 3 IJOCTA\Sub\New_3_Experiments\Experiment_7_HCEF_External_Validation_Breast_Cancer\Tables
encoding_report.csv,D:\47\471\New Papers\Paper 3 IJOCTA\Sub\New_3_Experiments\Experiment_7_HCEF_External_Validation_Breast_Cancer\Tables\encoding_report.csv,File,.csv,D:\47\471\New Papers\Paper 3 IJOCTA\Sub\New_3_Experiments\Experiment_7_HCEF_External_Validation_Breast_Cancer\Tables
external_validation_model_comparison.csv,D:\47\471\New Papers\Paper 3 IJOCTA\Sub\New_3_Experiments\Experiment_7_HCEF_External_Validation_Breast_Cancer\Tables\external_validation_model_comparison.csv,File,.csv,D:\47\471\New Papers\Paper 3 IJOCTA\Sub\New_3_Experiments\Experiment_7_HCEF_External_Validation_Breast_Cancer\Tables
hcef_confusion_matrix.csv,D:\47\471\New Papers\Paper 3 IJOCTA\Sub\New_3_Experiments\Experiment_7_HCEF_External_Validation_Breast_Cancer\Tables\hcef_confusion_matrix.csv,File,.csv,D:\47\471\New Papers\Paper 3 IJOCTA\Sub\New_3_Experiments\Experiment_7_HCEF_External_Validation_Breast_Cancer\Tables
hcef_external_validation_metrics.csv,D:\47\471\New Papers\Paper 3 IJOCTA\Sub\New_3_Experiments\Experiment_7_HCEF_External_Validation_Breast_Cancer\Tables\hcef_external_validation_metrics.csv,File,.csv,D:\47\471\New Papers\Paper 3 IJOCTA\Sub\New_3_Experiments\Experiment_7_HCEF_External_Validation_Breast_Cancer\Tables
hcef_pr_curve_coordinates.csv,D:\47\471\New Papers\Paper 3 IJOCTA\Sub\New_3_Experiments\Experiment_7_HCEF_External_Validation_Breast_Cancer\Tables\hcef_pr_curve_coordinates.csv,File,.csv,D:\47\471\New Papers\Paper 3 IJOCTA\Sub\New_3_Experiments\Experiment_7_HCEF_External_Validation_Breast_Cancer\Tables
hcef_roc_curve_coordinates.csv,D:\47\471\New Papers\Paper 3 IJOCTA\Sub\New_3_Experiments\Experiment_7_HCEF_External_Validation_Breast_Cancer\Tables\hcef_roc_curve_coordinates.csv,File,.csv,D:\47\471\New Papers\Paper 3 IJOCTA\Sub\New_3_Experiments\Experiment_7_HCEF_External_Validation_Breast_Cancer\Tables
hcef_training_history.csv,D:\47\471\New Papers\Paper 3 IJOCTA\Sub\New_3_Experiments\Experiment_7_HCEF_External_Validation_Breast_Cancer\Tables\hcef_training_history.csv,File,.csv,D:\47\471\New Papers\Paper 3 IJOCTA\Sub\New_3_Experiments\Experiment_7_HCEF_External_Validation_Breast_Cancer\Tables
split_summary.csv,D:\47\471\New Papers\Paper 3 IJOCTA\Sub\New_3_Experiments\Experiment_7_HCEF_External_Validation_Breast_Cancer\Tables\split_summary.csv,File,.csv,D:\47\471\New Papers\Paper 3 IJOCTA\Sub\New_3_Experiments\Experiment_7_HCEF_External_Validation_Breast_Cancer\Tables
target_distribution.csv,D:\47\471\New Papers\Paper 3 IJOCTA\Sub\New_3_Experiments\Experiment_7_HCEF_External_Validation_Breast_Cancer\Tables\target_distribution.csv,File,.csv,D:\47\471\New Papers\Paper 3 IJOCTA\Sub\New_3_Experiments\Experiment_7_HCEF_External_Validation_Breast_Cancer\Tables
Figures,D:\47\471\New Papers\Paper 3 IJOCTA\Sub\New_3_Experiments\Experiment_8_HCEF_External_Validation_Heart_Disease\Figures,Folder,,D:\47\471\New Papers\Paper 3 IJOCTA\Sub\New_3_Experiments\Experiment_8_HCEF_External_Validation_Heart_Disease
Models,D:\47\471\New Papers\Paper 3 IJOCTA\Sub\New_3_Experiments\Experiment_8_HCEF_External_Validation_Heart_Disease\Models,Folder,,D:\47\471\New Papers\Paper 3 IJOCTA\Sub\New_3_Experiments\Experiment_8_HCEF_External_Validation_Heart_Disease
Predictions,D:\47\471\New Papers\Paper 3 IJOCTA\Sub\New_3_Experiments\Experiment_8_HCEF_External_Validation_Heart_Disease\Predictions,Folder,,D:\47\471\New Papers\Paper 3 IJOCTA\Sub\New_3_Experiments\Experiment_8_HCEF_External_Validation_Heart_Disease
Processed_Data,D:\47\471\New Papers\Paper 3 IJOCTA\Sub\New_3_Experiments\Experiment_8_HCEF_External_Validation_Heart_Disease\Processed_Data,Folder,,D:\47\471\New Papers\Paper 3 IJOCTA\Sub\New_3_Experiments\Experiment_8_HCEF_External_Validation_Heart_Disease
Reports,D:\47\471\New Papers\Paper 3 IJOCTA\Sub\New_3_Experiments\Experiment_8_HCEF_External_Validation_Heart_Disease\Reports,Folder,,D:\47\471\New Papers\Paper 3 IJOCTA\Sub\New_3_Experiments\Experiment_8_HCEF_External_Validation_Heart_Disease
Tables,D:\47\471\New Papers\Paper 3 IJOCTA\Sub\New_3_Experiments\Experiment_8_HCEF_External_Validation_Heart_Disease\Tables,Folder,,D:\47\471\New Papers\Paper 3 IJOCTA\Sub\New_3_Experiments\Experiment_8_HCEF_External_Validation_Heart_Disease
hcef_confusion_matrix.png,D:\47\471\New Papers\Paper 3 IJOCTA\Sub\New_3_Experiments\Experiment_8_HCEF_External_Validation_Heart_Disease\Figures\hcef_confusion_matrix.png,File,.png,D:\47\471\New Papers\Paper 3 IJOCTA\Sub\New_3_Experiments\Experiment_8_HCEF_External_Validation_Heart_Disease\Figures
hcef_pr_curve.png,D:\47\471\New Papers\Paper 3 IJOCTA\Sub\New_3_Experiments\Experiment_8_HCEF_External_Validation_Heart_Disease\Figures\hcef_pr_curve.png,File,.png,D:\47\471\New Papers\Paper 3 IJOCTA\Sub\New_3_Experiments\Experiment_8_HCEF_External_Validation_Heart_Disease\Figures
hcef_roc_curve.png,D:\47\471\New Papers\Paper 3 IJOCTA\Sub\New_3_Experiments\Experiment_8_HCEF_External_Validation_Heart_Disease\Figures\hcef_roc_curve.png,File,.png,D:\47\471\New Papers\Paper 3 IJOCTA\Sub\New_3_Experiments\Experiment_8_HCEF_External_Validation_Heart_Disease\Figures
hcef_training_dynamics.png,D:\47\471\New Papers\Paper 3 IJOCTA\Sub\New_3_Experiments\Experiment_8_HCEF_External_Validation_Heart_Disease\Figures\hcef_training_dynamics.png,File,.png,D:\47\471\New Papers\Paper 3 IJOCTA\Sub\New_3_Experiments\Experiment_8_HCEF_External_Validation_Heart_Disease\Figures
hcef_validation_dynamics.png,D:\47\471\New Papers\Paper 3 IJOCTA\Sub\New_3_Experiments\Experiment_8_HCEF_External_Validation_Heart_Disease\Figures\hcef_validation_dynamics.png,File,.png,D:\47\471\New Papers\Paper 3 IJOCTA\Sub\New_3_Experiments\Experiment_8_HCEF_External_Validation_Heart_Disease\Figures
model_comparison_f1.png,D:\47\471\New Papers\Paper 3 IJOCTA\Sub\New_3_Experiments\Experiment_8_HCEF_External_Validation_Heart_Disease\Figures\model_comparison_f1.png,File,.png,D:\47\471\New Papers\Paper 3 IJOCTA\Sub\New_3_Experiments\Experiment_8_HCEF_External_Validation_Heart_Disease\Figures
model_comparison_roc_auc.png,D:\47\471\New Papers\Paper 3 IJOCTA\Sub\New_3_Experiments\Experiment_8_HCEF_External_Validation_Heart_Disease\Figures\model_comparison_roc_auc.png,File,.png,D:\47\471\New Papers\Paper 3 IJOCTA\Sub\New_3_Experiments\Experiment_8_HCEF_External_Validation_Heart_Disease\Figures
target_distribution.png,D:\47\471\New Papers\Paper 3 IJOCTA\Sub\New_3_Experiments\Experiment_8_HCEF_External_Validation_Heart_Disease\Figures\target_distribution.png,File,.png,D:\47\471\New Papers\Paper 3 IJOCTA\Sub\New_3_Experiments\Experiment_8_HCEF_External_Validation_Heart_Disease\Figures
best_hcef_heart_disease.pt,D:\47\471\New Papers\Paper 3 IJOCTA\Sub\New_3_Experiments\Experiment_8_HCEF_External_Validation_Heart_Disease\Models\best_hcef_heart_disease.pt,File,.pt,D:\47\471\New Papers\Paper 3 IJOCTA\Sub\New_3_Experiments\Experiment_8_HCEF_External_Validation_Heart_Disease\Models
predictions_Extra_Trees.csv,D:\47\471\New Papers\Paper 3 IJOCTA\Sub\New_3_Experiments\Experiment_8_HCEF_External_Validation_Heart_Disease\Predictions\predictions_Extra_Trees.csv,File,.csv,D:\47\471\New Papers\Paper 3 IJOCTA\Sub\New_3_Experiments\Experiment_8_HCEF_External_Validation_Heart_Disease\Predictions
predictions_Gradient_Boosting.csv,D:\47\471\New Papers\Paper 3 IJOCTA\Sub\New_3_Experiments\Experiment_8_HCEF_External_Validation_Heart_Disease\Predictions\predictions_Gradient_Boosting.csv,File,.csv,D:\47\471\New Papers\Paper 3 IJOCTA\Sub\New_3_Experiments\Experiment_8_HCEF_External_Validation_Heart_Disease\Predictions
predictions_HCE-F_Tabular_Heart_Disease.csv,D:\47\471\New Papers\Paper 3 IJOCTA\Sub\New_3_Experiments\Experiment_8_HCEF_External_Validation_Heart_Disease\Predictions\predictions_HCE-F_Tabular_Heart_Disease.csv,File,.csv,D:\47\471\New Papers\Paper 3 IJOCTA\Sub\New_3_Experiments\Experiment_8_HCEF_External_Validation_Heart_Disease\Predictions
predictions_Logistic_Regression.csv,D:\47\471\New Papers\Paper 3 IJOCTA\Sub\New_3_Experiments\Experiment_8_HCEF_External_Validation_Heart_Disease\Predictions\predictions_Logistic_Regression.csv,File,.csv,D:\47\471\New Papers\Paper 3 IJOCTA\Sub\New_3_Experiments\Experiment_8_HCEF_External_Validation_Heart_Disease\Predictions
predictions_MLP.csv,D:\47\471\New Papers\Paper 3 IJOCTA\Sub\New_3_Experiments\Experiment_8_HCEF_External_Validation_Heart_Disease\Predictions\predictions_MLP.csv,File,.csv,D:\47\471\New Papers\Paper 3 IJOCTA\Sub\New_3_Experiments\Experiment_8_HCEF_External_Validation_Heart_Disease\Predictions
predictions_Random_Forest.csv,D:\47\471\New Papers\Paper 3 IJOCTA\Sub\New_3_Experiments\Experiment_8_HCEF_External_Validation_Heart_Disease\Predictions\predictions_Random_Forest.csv,File,.csv,D:\47\471\New Papers\Paper 3 IJOCTA\Sub\New_3_Experiments\Experiment_8_HCEF_External_Validation_Heart_Disease\Predictions
predictions_SVM_RBF.csv,D:\47\471\New Papers\Paper 3 IJOCTA\Sub\New_3_Experiments\Experiment_8_HCEF_External_Validation_Heart_Disease\Predictions\predictions_SVM_RBF.csv,File,.csv,D:\47\471\New Papers\Paper 3 IJOCTA\Sub\New_3_Experiments\Experiment_8_HCEF_External_Validation_Heart_Disease\Predictions
heart_disease_processed.csv,D:\47\471\New Papers\Paper 3 IJOCTA\Sub\New_3_Experiments\Experiment_8_HCEF_External_Validation_Heart_Disease\Processed_Data\heart_disease_processed.csv,File,.csv,D:\47\471\New Papers\Paper 3 IJOCTA\Sub\New_3_Experiments\Experiment_8_HCEF_External_Validation_Heart_Disease\Processed_Data
dataset_summary.json,D:\47\471\New Papers\Paper 3 IJOCTA\Sub\New_3_Experiments\Experiment_8_HCEF_External_Validation_Heart_Disease\Reports\dataset_summary.json,File,.json,D:\47\471\New Papers\Paper 3 IJOCTA\Sub\New_3_Experiments\Experiment_8_HCEF_External_Validation_Heart_Disease\Reports
experiment_8_summary.json,D:\47\471\New Papers\Paper 3 IJOCTA\Sub\New_3_Experiments\Experiment_8_HCEF_External_Validation_Heart_Disease\Reports\experiment_8_summary.json,File,.json,D:\47\471\New Papers\Paper 3 IJOCTA\Sub\New_3_Experiments\Experiment_8_HCEF_External_Validation_Heart_Disease\Reports
METHODS_TEXT_Experiment_8_HCEF_External_Validation_Heart_Disease.md,D:\47\471\New Papers\Paper 3 IJOCTA\Sub\New_3_Experiments\Experiment_8_HCEF_External_Validation_Heart_Disease\Reports\METHODS_TEXT_Experiment_8_HCEF_External_Validation_Heart_Disease.md,File,.md,D:\47\471\New Papers\Paper 3 IJOCTA\Sub\New_3_Experiments\Experiment_8_HCEF_External_Validation_Heart_Disease\Reports
README_Experiment_8_HCEF_External_Validation_Heart_Disease.md,D:\47\471\New Papers\Paper 3 IJOCTA\Sub\New_3_Experiments\Experiment_8_HCEF_External_Validation_Heart_Disease\Reports\README_Experiment_8_HCEF_External_Validation_Heart_Disease.md,File,.md,D:\47\471\New Papers\Paper 3 IJOCTA\Sub\New_3_Experiments\Experiment_8_HCEF_External_Validation_Heart_Disease\Reports
classical_baseline_metrics.csv,D:\47\471\New Papers\Paper 3 IJOCTA\Sub\New_3_Experiments\Experiment_8_HCEF_External_Validation_Heart_Disease\Tables\classical_baseline_metrics.csv,File,.csv,D:\47\471\New Papers\Paper 3 IJOCTA\Sub\New_3_Experiments\Experiment_8_HCEF_External_Validation_Heart_Disease\Tables
dataset_summary.csv,D:\47\471\New Papers\Paper 3 IJOCTA\Sub\New_3_Experiments\Experiment_8_HCEF_External_Validation_Heart_Disease\Tables\dataset_summary.csv,File,.csv,D:\47\471\New Papers\Paper 3 IJOCTA\Sub\New_3_Experiments\Experiment_8_HCEF_External_Validation_Heart_Disease\Tables
encoding_report.csv,D:\47\471\New Papers\Paper 3 IJOCTA\Sub\New_3_Experiments\Experiment_8_HCEF_External_Validation_Heart_Disease\Tables\encoding_report.csv,File,.csv,D:\47\471\New Papers\Paper 3 IJOCTA\Sub\New_3_Experiments\Experiment_8_HCEF_External_Validation_Heart_Disease\Tables
external_validation_model_comparison.csv,D:\47\471\New Papers\Paper 3 IJOCTA\Sub\New_3_Experiments\Experiment_8_HCEF_External_Validation_Heart_Disease\Tables\external_validation_model_comparison.csv,File,.csv,D:\47\471\New Papers\Paper 3 IJOCTA\Sub\New_3_Experiments\Experiment_8_HCEF_External_Validation_Heart_Disease\Tables
hcef_confusion_matrix.csv,D:\47\471\New Papers\Paper 3 IJOCTA\Sub\New_3_Experiments\Experiment_8_HCEF_External_Validation_Heart_Disease\Tables\hcef_confusion_matrix.csv,File,.csv,D:\47\471\New Papers\Paper 3 IJOCTA\Sub\New_3_Experiments\Experiment_8_HCEF_External_Validation_Heart_Disease\Tables
hcef_external_validation_metrics.csv,D:\47\471\New Papers\Paper 3 IJOCTA\Sub\New_3_Experiments\Experiment_8_HCEF_External_Validation_Heart_Disease\Tables\hcef_external_validation_metrics.csv,File,.csv,D:\47\471\New Papers\Paper 3 IJOCTA\Sub\New_3_Experiments\Experiment_8_HCEF_External_Validation_Heart_Disease\Tables
hcef_pr_curve_coordinates.csv,D:\47\471\New Papers\Paper 3 IJOCTA\Sub\New_3_Experiments\Experiment_8_HCEF_External_Validation_Heart_Disease\Tables\hcef_pr_curve_coordinates.csv,File,.csv,D:\47\471\New Papers\Paper 3 IJOCTA\Sub\New_3_Experiments\Experiment_8_HCEF_External_Validation_Heart_Disease\Tables
hcef_roc_curve_coordinates.csv,D:\47\471\New Papers\Paper 3 IJOCTA\Sub\New_3_Experiments\Experiment_8_HCEF_External_Validation_Heart_Disease\Tables\hcef_roc_curve_coordinates.csv,File,.csv,D:\47\471\New Papers\Paper 3 IJOCTA\Sub\New_3_Experiments\Experiment_8_HCEF_External_Validation_Heart_Disease\Tables
hcef_training_history.csv,D:\47\471\New Papers\Paper 3 IJOCTA\Sub\New_3_Experiments\Experiment_8_HCEF_External_Validation_Heart_Disease\Tables\hcef_training_history.csv,File,.csv,D:\47\471\New Papers\Paper 3 IJOCTA\Sub\New_3_Experiments\Experiment_8_HCEF_External_Validation_Heart_Disease\Tables
split_summary.csv,D:\47\471\New Papers\Paper 3 IJOCTA\Sub\New_3_Experiments\Experiment_8_HCEF_External_Validation_Heart_Disease\Tables\split_summary.csv,File,.csv,D:\47\471\New Papers\Paper 3 IJOCTA\Sub\New_3_Experiments\Experiment_8_HCEF_External_Validation_Heart_Disease\Tables
target_distribution.csv,D:\47\471\New Papers\Paper 3 IJOCTA\Sub\New_3_Experiments\Experiment_8_HCEF_External_Validation_Heart_Disease\Tables\target_distribution.csv,File,.csv,D:\47\471\New Papers\Paper 3 IJOCTA\Sub\New_3_Experiments\Experiment_8_HCEF_External_Validation_Heart_Disease\Tables
