date,observed,predicted,residual,variant
2015-10-10,6.940625,13.592548,-6.651923,No_Residual_Gate
2015-10-11,15.093194,6.961138,8.132056,No_Residual_Gate
2015-10-12,0.9384722,-0.99972796,1.9382002,No_Residual_Gate
2015-11-01,3.0465972,1.2441803,1.8024169,No_Residual_Gate
2015-11-02,2.887361,-1.358761,4.246122,No_Residual_Gate
2015-11-03,4.497847,0.68580717,3.8120399,No_Residual_Gate
2015-11-04,12.562153,10.188113,2.3740396,No_Residual_Gate
2015-11-05,15.61618,11.436207,4.1799736,No_Residual_Gate
2015-11-06,16.636736,13.477404,3.1593323,No_Residual_Gate
2015-11-07,18.22368,18.821606,-0.5979252,No_Residual_Gate
2015-11-08,24.649652,19.558968,5.090685,No_Residual_Gate
2015-11-09,11.739514,17.665304,-5.92579,No_Residual_Gate
2015-11-10,4.037083,15.072695,-11.035612,No_Residual_Gate
2015-11-11,13.459167,8.750658,4.7085085,No_Residual_Gate
2015-11-12,3.3758333,5.0705132,-1.69468,No_Residual_Gate
2015-12-01,5.4645834,2.1140575,3.3505259,No_Residual_Gate
2015-12-02,-1.0695833,5.0933743,-6.1629577,No_Residual_Gate
2015-12-03,2.7815971,7.0199842,-4.238387,No_Residual_Gate
2015-12-04,11.050347,12.794045,-1.7436981,No_Residual_Gate
2015-12-05,19.195139,14.678952,4.5161867,No_Residual_Gate
2015-12-06,20.760347,15.102252,5.6580954,No_Residual_Gate
2015-12-07,18.591288,19.154465,-0.5631771,No_Residual_Gate
2015-12-08,23.075138,19.355305,3.7198334,No_Residual_Gate
2015-12-09,15.6727085,15.884425,-0.21171665,No_Residual_Gate
2015-12-10,2.4420834,9.3312025,-6.889119,No_Residual_Gate
2015-12-11,11.727917,4.8936844,6.8342323,No_Residual_Gate
2015-12-12,5.555139,1.7540452,3.8010938,No_Residual_Gate
2016-01-01,0.2492361,2.6856682,-2.4364321,No_Residual_Gate
2016-01-02,10.475555,3.6206017,6.854954,No_Residual_Gate
2016-01-03,0.11701389,6.0086727,-5.891659,No_Residual_Gate
2016-01-04,3.5102084,10.166182,-6.6559734,No_Residual_Gate
2016-01-05,10.816459,14.594202,-3.7777433,No_Residual_Gate
2016-01-06,17.2625,13.99252,3.2699804,No_Residual_Gate
2016-01-07,21.24132,18.348103,2.893217,No_Residual_Gate
2016-01-08,17.215626,19.395422,-2.1797962,No_Residual_Gate
2016-01-09,19.438612,17.647552,1.7910595,No_Residual_Gate
2016-01-10,13.099653,14.000683,-0.9010296,No_Residual_Gate
2016-01-11,7.8410416,8.714039,-0.8729973,No_Residual_Gate
2016-01-12,4.989861,2.61403,2.3758311,No_Residual_Gate
2016-02-01,-0.9754861,2.5265195,-3.5020056,No_Residual_Gate
2016-02-02,10.214723,-1.3447213,11.559444,No_Residual_Gate
2016-02-03,3.85,-1.2708865,5.1208863,No_Residual_Gate
2016-02-04,8.202917,6.7448845,1.4580326,No_Residual_Gate
2016-02-05,11.291458,10.223925,1.0675335,No_Residual_Gate
2016-02-06,15.8914585,14.190406,1.7010527,No_Residual_Gate
2016-02-07,17.01604,18.624767,-1.6087265,No_Residual_Gate
2016-02-08,15.450973,19.74039,-4.289418,No_Residual_Gate
2016-02-09,19.555555,19.399647,0.15590858,No_Residual_Gate
2016-02-10,13.2398615,16.616676,-3.3768148,No_Residual_Gate
2016-02-11,6.4919443,9.845663,-3.3537188,No_Residual_Gate
2016-02-12,3.4819446,2.5132346,0.96870995,No_Residual_Gate
2016-03-01,-1.5780555,2.4416118,-4.019667,No_Residual_Gate
2016-03-02,3.9370139,2.0490773,1.8879366,No_Residual_Gate
2016-03-03,2.6513195,2.9745045,-0.32318497,No_Residual_Gate
2016-03-04,13.248472,6.8773813,6.371091,No_Residual_Gate
2016-03-05,9.757083,10.258939,-0.50185585,No_Residual_Gate
2016-03-06,16.449167,16.036263,0.41290474,No_Residual_Gate
2016-03-07,13.94375,18.44931,-4.50556,No_Residual_Gate
2016-03-08,18.195417,19.258892,-1.0634747,No_Residual_Gate
2016-03-09,20.574097,16.967022,3.6070747,No_Residual_Gate
2016-03-10,10.732361,13.63092,-2.8985596,No_Residual_Gate
2016-03-11,4.27,6.509503,-2.239503,No_Residual_Gate
2016-03-12,-2.395139,3.9851072,-6.380246,No_Residual_Gate
2016-04-01,-2.0811112,3.7783663,-5.8594775,No_Residual_Gate
2016-04-02,2.625139,1.3873926,1.2377464,No_Residual_Gate
2016-04-03,2.6336112,3.7301092,-1.096498,No_Residual_Gate
2016-04-04,14.62493,8.37982,6.2451105,No_Residual_Gate
2016-04-05,8.66993,11.643579,-2.973648,No_Residual_Gate
2016-04-06,18.398611,14.664639,3.7339716,No_Residual_Gate
2016-04-07,15.868889,18.475521,-2.6066322,No_Residual_Gate
2016-04-08,19.76736,18.870323,0.8970375,No_Residual_Gate
2016-04-09,17.672014,17.125048,0.54696655,No_Residual_Gate
2016-04-10,10.834514,13.743101,-2.9085875,No_Residual_Gate
2016-04-11,4.451319,6.7245693,-2.27325,No_Residual_Gate
2016-04-12,-4.093125,4.184375,-8.2775,No_Residual_Gate
2016-05-01,-1.7613194,4.4638333,-6.225153,No_Residual_Gate
2016-05-02,3.8729167,4.263523,-0.3906064,No_Residual_Gate
2016-05-03,5.455625,5.111081,0.34454393,No_Residual_Gate
2016-05-04,13.988402,8.664859,5.3235435,No_Residual_Gate
2016-05-05,12.8133335,15.113426,-2.3000927,No_Residual_Gate
2016-05-06,19.661875,19.469944,0.19193077,No_Residual_Gate
2016-05-07,19.419235,19.303572,0.11566353,No_Residual_Gate
2016-05-08,17.190971,16.224564,0.9664078,No_Residual_Gate
2016-05-09,15.964375,12.82472,3.1396542,No_Residual_Gate
2016-05-10,7.1985416,8.54113,-1.3425884,No_Residual_Gate
2016-05-11,6.6065974,3.5744786,3.0321188,No_Residual_Gate
2016-05-12,-3.8338194,2.4617195,-6.295539,No_Residual_Gate
2016-06-01,-4.460139,3.7268062,-8.186945,No_Residual_Gate
2016-06-02,7.394583,2.232712,5.161871,No_Residual_Gate
2016-06-03,3.5513194,4.0614557,-0.51013637,No_Residual_Gate
2016-06-04,11.621737,8.671517,2.9502192,No_Residual_Gate
2016-06-05,16.503542,13.983877,2.5196648,No_Residual_Gate
2016-06-06,19.457848,15.748843,3.7090044,No_Residual_Gate
2016-06-07,15.706805,18.70798,-3.001174,No_Residual_Gate
2016-06-08,17.733194,18.6087,-0.87550545,No_Residual_Gate
2016-06-09,17.275764,17.045128,0.2306366,No_Residual_Gate
2016-06-10,8.031458,13.5905285,-5.5590706,No_Residual_Gate
2016-06-11,4.6172223,5.6239457,-1.0067234,No_Residual_Gate
2016-06-12,-4.5118055,2.90591,-7.4177155,No_Residual_Gate
2016-07-01,-0.41604167,3.1616197,-3.5776613,No_Residual_Gate
2016-07-02,6.7404165,2.6829453,4.0574713,No_Residual_Gate
2016-07-03,1.8238194,7.671055,-5.8472357,No_Residual_Gate
2016-07-04,8.700556,11.07625,-2.3756943,No_Residual_Gate
2016-07-05,17.529167,14.9474325,2.5817347,No_Residual_Gate
2016-07-06,19.320694,16.000715,3.3199787,No_Residual_Gate
2016-07-07,16.67118,18.017178,-1.3459969,No_Residual_Gate
2016-07-08,19.42389,18.528763,0.89512634,No_Residual_Gate
2016-07-09,17.752014,17.780443,-0.028429031,No_Residual_Gate
2016-07-10,8.648472,15.5316305,-6.8831587,No_Residual_Gate
2016-07-11,2.2134027,8.478483,-6.2650805,No_Residual_Gate
2016-07-12,-3.1797917,4.0665183,-7.24631,No_Residual_Gate
2016-08-01,3.8952777,2.4268422,1.4684355,No_Residual_Gate
2016-08-02,7.1106944,5.9046154,1.206079,No_Residual_Gate
2016-08-03,1.1827084,9.008225,-7.825517,No_Residual_Gate
2016-08-04,8.012222,11.4354515,-3.4232292,No_Residual_Gate
2016-08-05,17.239098,13.548368,3.6907291,No_Residual_Gate
2016-08-06,18.460764,15.35251,3.1082535,No_Residual_Gate
2016-08-07,20.306736,16.882345,3.4243908,No_Residual_Gate
2016-08-08,21.029028,18.292545,2.7364826,No_Residual_Gate
2016-08-09,20.84604,18.559212,2.286829,No_Residual_Gate
2016-08-10,7.927708,14.768674,-6.8409657,No_Residual_Gate
2016-08-11,1.9390972,5.9501524,-4.011055,No_Residual_Gate
2016-08-12,3.5584028,3.002769,0.5556338,No_Residual_Gate
2016-09-01,-0.53631943,3.4795666,-4.015886,No_Residual_Gate
2016-09-02,7.312986,5.845008,1.467978,No_Residual_Gate
2016-09-03,1.647986,8.782038,-7.134052,No_Residual_Gate
2016-09-04,7.7593055,11.4078,-3.6484942,No_Residual_Gate
2016-09-05,17.624027,14.748909,2.8751183,No_Residual_Gate
2016-09-06,15.308403,16.833567,-1.5251637,No_Residual_Gate
2016-09-07,20.046875,18.502438,1.5444374,No_Residual_Gate
2016-09-08,16.768194,18.906918,-2.1387234,No_Residual_Gate
2016-09-09,20.903889,17.045118,3.8587704,No_Residual_Gate
2016-09-10,7.8522916,12.941608,-5.089317,No_Residual_Gate
2016-09-11,0.7992361,6.1919384,-5.392702,No_Residual_Gate
2016-09-12,5.816458,3.8053498,2.0111084,No_Residual_Gate
2016-10-01,3.9297223,4.012888,-0.083165646,No_Residual_Gate
2016-10-02,3.6041667,5.085437,-1.4812701,No_Residual_Gate
2016-10-03,1.0122222,8.270418,-7.258196,No_Residual_Gate
2016-10-04,6.9108334,11.399754,-4.48892,No_Residual_Gate
2016-10-05,18.210903,14.591242,3.6196613,No_Residual_Gate
2016-10-06,16.294235,15.884924,0.4093113,No_Residual_Gate
2016-10-07,23.408264,16.582237,6.826027,No_Residual_Gate
2016-10-08,12.494028,18.633722,-6.139694,No_Residual_Gate
2016-10-09,20.802778,18.787527,2.0152512,No_Residual_Gate
2016-10-10,6.8470836,15.226047,-8.378963,No_Residual_Gate
2016-10-11,1.5914583,6.3071966,-4.7157383,No_Residual_Gate
2016-10-12,7.0903473,3.5011487,3.5891986,No_Residual_Gate
2016-11-01,3.6758332,4.1465607,-0.47072744,No_Residual_Gate
2016-11-02,3.7427084,5.995524,-2.2528155,No_Residual_Gate
2016-11-03,2.9558334,9.234887,-6.2790537,No_Residual_Gate
2016-11-04,7.588889,11.788852,-4.1999626,No_Residual_Gate
2016-11-05,17.22743,15.90285,1.3245802,No_Residual_Gate
2016-11-06,16.05132,18.466118,-2.4147987,No_Residual_Gate
2016-11-07,24.716042,19.443958,5.2720833,No_Residual_Gate
2016-11-08,12.630278,18.507284,-5.8770065,No_Residual_Gate
2016-11-09,21.473125,16.096336,5.376789,No_Residual_Gate
2016-11-10,6.474653,12.704881,-6.230228,No_Residual_Gate
2016-11-11,1.1643056,5.089834,-3.9255285,No_Residual_Gate
2016-11-12,6.7306943,2.9722147,3.7584796,No_Residual_Gate
2016-12-01,4.371736,1.0498879,3.3218482,No_Residual_Gate
2016-12-02,1.9564583,2.5237203,-0.56726193,No_Residual_Gate
2016-12-03,1.3851389,8.800994,-7.415855,No_Residual_Gate
2016-12-04,9.739445,10.52643,-0.7869854,No_Residual_Gate
2016-12-05,16.6875,12.934817,3.7526827,No_Residual_Gate
2016-12-06,16.083958,15.62637,0.45758724,No_Residual_Gate
2016-12-07,20.098125,19.164518,0.9336071,No_Residual_Gate
2016-12-08,14.783681,19.367348,-4.583667,No_Residual_Gate
2016-12-09,23.207987,14.781094,8.426893,No_Residual_Gate
2016-12-10,6.0332637,11.028189,-4.994925,No_Residual_Gate
2016-12-11,-0.3682639,5.4532285,-5.821492,No_Residual_Gate
2016-12-12,5.4706945,3.937455,1.5332396,No_Residual_Gate
2017-01-01,-4.82,3.6051846,-8.425184,No_Residual_Gate
