lag_steps,autocorrelation
1,0.9973555162769822
2,0.9942806400552946
3,0.9909945046874618
4,0.9875056040470177
5,0.9838004040945705
6,0.9798841005321728
7,0.9757710800892642
8,0.9714630830901111
9,0.9669686553537759
10,0.9622982043571133
11,0.957463203836589
12,0.9524751456371296
13,0.9473432312039649
14,0.9420716685535093
15,0.9366676449221597
16,0.9311413217137832
17,0.9254983834276572
18,0.919754181544126
19,0.9139179143518869
20,0.9079923047993369
21,0.9019920792283764
22,0.8959254458848047
23,0.8898002199873611
24,0.88362656151912
25,0.8774193282465679
26,0.8711803664521127
27,0.8649166764266749
28,0.8586389985218008
29,0.852353911053211
30,0.8460633679661943
31,0.8397692377652547
32,0.8334690122066795
33,0.8271654678768192
34,0.820864750815705
35,0.8145804446482814
36,0.8083228128286976
37,0.8020900192507002
38,0.7958758684012069
39,0.7897035612018355
40,0.7835711877174741
41,0.7774856443565429
42,0.7714642264181969
43,0.7655073027702428
44,0.7596100863901871
45,0.7537773539012791
46,0.7480095450836797
47,0.7423018477297005
48,0.7366597446439926
49,0.7310969571973657
50,0.7256163448452589
51,0.7202246345450999
52,0.7149154489904587
53,0.7096957841874537
54,0.7045813941450002
55,0.6995620158610966
56,0.6946547311542322
57,0.6898662465711017
58,0.6851960996119221
59,0.6806447679750262
60,0.6762321398334438
61,0.6719550575695047
62,0.6678163936926176
63,0.6638279060224652
64,0.6599771935295722
65,0.6562475637323724
66,0.652664521270525
67,0.6492240609945945
68,0.6459350767091637
69,0.642796363576546
70,0.6398048064405037
71,0.6369608965263621
72,0.6342718351228975
73,0.6317288297601118
74,0.6293266062582613
75,0.6270852239644442
76,0.6250077071804794
77,0.623089909014282
78,0.6213303700157361
79,0.6197243843464596
80,0.6182677369085074
81,0.6169629323643864
82,0.6158098559287893
83,0.6147921339341524
84,0.6139074301379529
85,0.6131307008963983
86,0.6124722124121483
87,0.6119342721993146
88,0.6115210553325169
89,0.6112207318262665
90,0.6110270252443868
91,0.6109288516518727
92,0.6109185171866802
93,0.6110072064219938
94,0.6111821318513815
95,0.6114381519171677
96,0.6117710872814468
97,0.6121798544054317
98,0.6126476975010171
99,0.6131739549396308
100,0.6137604134030674
101,0.6143861315583553
102,0.6150587774531628
103,0.6157841101890534
104,0.616552186580688
105,0.6173526285676312
106,0.618191276024729
107,0.6190526279857645
108,0.6199341540227085
109,0.6208281035042513
110,0.6217364123384966
111,0.6226605515973198
112,0.6235934701590791
113,0.6245275083725799
114,0.6254581379478399
115,0.6263822592708934
116,0.6272974030259254
117,0.6281930111790507
118,0.6290685316797837
119,0.6299214412444175
120,0.6307374879612045
121,0.6315064809797631
122,0.6322255093440806
123,0.6328845357989302
124,0.6334737668114139
125,0.6339981768720641
126,0.6344530073293655
127,0.6348274363106513
128,0.6351066922438968
129,0.6352841177922488
130,0.6353635594382139
131,0.6353394271381373
132,0.6352076826959939
133,0.6349659979647518
134,0.6345980516625634
135,0.634094456455373
136,0.6334542788646662
137,0.6326830559281148
138,0.6317687916849535
139,0.6307124912966077
140,0.6295128141130164
141,0.6281622666230862
142,0.626651555764652
143,0.6249831108587245
144,0.6231600769080172
145,0.6220215549155025
146,0.620712126149136
147,0.6192361939821491
148,0.6176025433678358
149,0.6158160484871708
150,0.6138794110399334
151,0.6117887516483194
152,0.6095407051403307
153,0.6071462239110895
154,0.6046121954096249
155,0.601942606703121
156,0.599149828950425
157,0.5962430360353831
158,0.5932162467886613
159,0.5900790445270722
160,0.5868378382380955
161,0.5835023877986684
162,0.5800754161475321
163,0.5765523248312722
164,0.5729439379007345
165,0.5692572155844069
166,0.5654994390919252
167,0.5616709956062572
168,0.5577852928416771
169,0.5538438099364528
170,0.5498564814149709
171,0.5458346225942603
172,0.5417816299151881
173,0.5376912398147461
174,0.5335630811715114
175,0.5294051017172346
176,0.5252230016877785
177,0.5210189876385907
178,0.5168076388417552
179,0.5125816489631839
180,0.5083370376668188
181,0.5040777927332639
182,0.49981220646557023
183,0.49554386226833513
184,0.4912715634549316
185,0.4870024443231437
186,0.48275179626938297
187,0.47852647211390187
188,0.474325838277907
189,0.47016067550495066
190,0.4660317422651685
191,0.4619382869559341
192,0.45789085719514916
193,0.45389246614030476
194,0.4499507226845481
195,0.44606560101979714
196,0.44223918141343654
197,0.4384835066988294
198,0.4348023814037909
199,0.4311967207627882
200,0.42766016461163314
201,0.4242082389614631
202,0.4208509529777342
203,0.4175871342446902
204,0.4144298544134455
205,0.4113850648637833
206,0.4084464604350688
207,0.40561580054515217
208,0.4029053706258938
209,0.4003276417148532
210,0.3978701369184538
211,0.3955334321405272
212,0.3933092622570013
213,0.3912077597919635
214,0.3892406568491529
215,0.38740564207721456
216,0.385682742217764
217,0.3840777039364216
218,0.38260331715307794
219,0.3812494531398301
220,0.3800309103076008
221,0.3789527273652121
222,0.3780154302754294
223,0.3772141583352
224,0.3765372998503395
225,0.37597224930131523
226,0.3755302776095526
227,0.3752140035640922
228,0.37501668117768777
229,0.37492488493841797
230,0.37495749264798084
231,0.3751152391728548
232,0.3753759032780384
233,0.37574529363163545
234,0.3762237054890482
235,0.37679268738523997
236,0.3774484876348311
237,0.37818289815965295
238,0.3789983214822651
239,0.37988619869354856
240,0.3808418218519643
241,0.3818639864278898
242,0.382957189328604
243,0.38411764787626507
244,0.3853373669174475
245,0.38660790278016527
246,0.38792675566369084
247,0.3892890105758896
248,0.3906890676444728
249,0.39212153865799826
250,0.3935864846111353
251,0.39507271426074586
252,0.39658050092357666
253,0.39811019005536136
254,0.3996603795750014
255,0.40121339522517196
256,0.4027663885609196
257,0.40431590890746627
258,0.405860996922229
259,0.40740407034671955
260,0.40894400733481145
261,0.4104697387979091
262,0.41196834163790097
263,0.4134226627561378
264,0.41482905713511947
265,0.4161960050038052
266,0.41751615304574957
267,0.4187776159507624
268,0.4199759015814977
269,0.4211148153987224
270,0.4221864912420607
271,0.4231753357467445
272,0.42407596652066937
273,0.42488812228246053
274,0.4256092715434224
275,0.4262318307105168
276,0.42674690992336467
277,0.4271411309269761
278,0.4274147675930911
279,0.4275646603504603
280,0.42759382034870813
281,0.4274951060065018
282,0.427270068213722
283,0.42691265891946395
284,0.42642361556712005
285,0.4257959027263374
286,0.42502909335867484
287,0.4241215559915263
288,0.4230911039679842
